Formacao_Academica,Ano_Admissao,Nivel_Salarial,Idade,Genero,Ficou_Sem_Tarefas,Experiencia_Area,Deixou_Empresa
0,2017,3,34,1,0,0,0
0,2013,1,28,0,0,3,1
0,2014,3,38,0,0,2,0
1,2016,3,27,1,0,5,1
1,2017,3,24,1,1,2,1
0,2016,3,22,1,0,0,0
0,2015,3,38,1,0,0,0
0,2016,3,34,0,0,2,1
0,2016,3,23,1,0,1,0
1,2017,2,37,1,0,2,0
1,2012,3,27,1,0,5,1
0,2016,3,34,1,0,3,0
0,2018,3,32,1,1,5,1
0,2016,3,39,1,0,2,0
0,2012,3,37,1,0,4,0
0,2017,1,29,1,0,3,0
0,2014,3,34,0,0,2,0
0,2014,3,34,1,0,4,0
0,2015,2,30,0,0,0,1
0,2016,2,22,0,0,0,1
0,2012,3,37,1,0,0,0
1,2017,2,28,1,0,4,0
0,2017,2,36,1,0,3,0
0,2015,3,27,1,1,5,0
0,2017,3,29,1,0,4,0
0,2013,3,22,0,1,0,0
0,2016,3,37,1,0,2,0
0,2015,3,23,1,0,1,0
0,2013,2,31,0,0,2,1
1,2017,2,30,0,0,2,0
2,2013,3,25,1,0,3,0
0,2014,3,23,1,0,1,0
0,2018,3,26,1,0,4,1
0,2016,3,40,1,0,5,0
0,2017,2,37,0,0,0,1
0,2014,1,30,0,0,3,0
0,2012,3,29,1,0,3,0
0,2018,2,34,0,0,0,1
0,2017,2,29,0,0,2,1
0,2014,3,30,1,1,4,0
0,2015,3,36,1,0,1,0
1,2017,2,23,1,0,1,0
0,2013,3,30,1,0,3,1
0,2014,3,36,1,0,0,0
0,2015,3,39,1,0,4,0
0,2014,3,23,0,0,1,0
2,2012,3,27,1,0,5,0
1,2013,3,35,1,0,2,0
1,2017,2,34,1,0,0,0
0,2013,3,30,0,0,1,0
2,2017,3,34,1,0,2,0
0,2015,2,26,0,0,4,1
0,2016,3,34,0,0,0,0
0,2014,3,31,0,1,5,0
0,2017,3,31,0,1,5,0
2,2013,3,28,1,0,2,0
0,2016,3,38,1,0,2,0
1,2014,3,39,0,0,2,0
0,2013,3,32,1,0,4,0
1,2017,2,36,1,0,2,1
1,2013,3,29,1,0,3,0
0,2015,3,30,1,0,5,0
2,2013,2,25,1,0,3,1
0,2014,1,22,0,0,0,1
0,2016,3,34,1,0,4,0
0,2018,3,40,1,0,1,1
2,2013,3,26,1,0,4,0
0,2014,3,28,1,0,0,0
0,2015,3,24,0,0,2,0
1,2017,3,40,0,0,2,1
0,2018,3,23,0,0,1,1
1,2017,3,31,1,0,4,0
0,2014,3,25,0,0,3,0
0,2014,1,27,1,0,5,0
1,2017,2,25,0,0,3,1
0,2015,3,40,1,0,0,1
0,2014,1,23,0,0,1,0
0,2017,3,23,0,0,1,0
0,2012,3,39,1,0,1,0
2,2015,1,37,1,0,1,0
0,2017,3,38,1,0,2,0
0,2013,3,31,0,0,0,1
0,2016,3,38,1,0,5,0
0,2017,3,25,0,0,3,0
0,2015,3,27,0,1,5,1
0,2016,2,36,1,0,0,1
0,2017,2,27,0,0,5,1
1,2015,2,32,0,0,4,0
0,2014,3,28,1,0,4,0
1,2012,3,32,1,0,2,0
0,2018,3,30,1,0,0,1
0,2015,3,22,1,0,0,0
0,2017,2,34,0,0,5,0
1,2013,3,36,1,0,2,0
0,2014,3,39,1,0,3,1
2,2018,3,26,1,0,4,1
0,2016,3,31,0,0,0,0
0,2014,3,27,1,0,5,1
0,2014,3,29,0,0,0,0
0,2015,3,24,0,0,2,1
1,2012,3,25,1,0,3,1
0,2013,3,25,1,0,3,0
1,2017,3,26,0,0,4,1
0,2015,2,28,0,1,1,1
0,2017,3,28,1,0,2,0
1,2015,1,28,0,0,3,1
1,2015,3,25,1,0,3,0
0,2017,3,28,1,0,1,0
1,2013,3,25,1,0,3,0
0,2015,2,25,0,0,3,1
0,2015,3,27,0,0,5,0
0,2017,2,27,0,0,5,1
0,2013,3,27,1,0,5,1
0,2012,3,25,1,0,3,0
1,2017,2,28,1,0,2,0
0,2014,1,26,0,0,4,1
0,2015,3,28,1,0,2,0
1,2013,3,26,1,0,4,0
0,2017,3,26,0,0,4,0
0,2017,2,25,1,0,3,0
0,2012,1,28,0,0,3,0
2,2015,3,26,1,0,4,0
0,2015,3,25,0,0,3,0
0,2012,3,26,1,0,4,1
0,2014,3,28,0,0,3,0
1,2014,3,24,1,0,2,0
0,2013,3,28,1,0,1,0
0,2015,3,27,1,0,5,0
0,2018,3,25,1,0,3,1
1,2013,1,24,1,0,2,1
0,2017,3,26,0,0,4,0
0,2013,3,28,1,0,1,1
1,2016,3,27,1,0,5,0
1,2017,3,26,1,0,4,0
1,2017,2,24,1,0,2,0
1,2018,3,26,1,0,4,1
1,2017,1,25,0,0,3,1
0,2012,3,28,1,0,2,0
0,2017,3,28,1,0,2,0
0,2013,3,26,1,0,4,0
1,2013,3,27,1,0,5,1
0,2017,2,24,0,0,2,1
0,2017,3,28,0,0,2,0
0,2016,3,26,1,0,4,0
0,2013,3,27,0,0,5,0
1,2015,2,28,0,0,3,0
0,2014,3,25,1,0,3,0
0,2016,3,28,1,0,1,0
1,2013,1,25,1,0,3,1
0,2015,3,26,1,0,4,0
0,2018,3,27,0,0,5,1
0,2016,3,24,1,0,2,1
0,2012,2,24,0,0,2,1
0,2014,3,26,1,0,4,0
0,2016,2,24,0,0,2,1
1,2012,3,26,0,0,4,0
0,2013,3,28,0,0,3,0
0,2012,3,24,1,0,2,1
0,2015,3,25,1,0,3,1
0,2016,3,28,1,0,3,0
0,2014,3,28,0,0,3,0
0,2013,3,26,0,0,4,0
1,2017,3,24,0,0,2,1
0,2016,3,25,1,0,3,1
0,2015,3,25,1,0,3,0
0,2014,3,27,1,0,5,0
0,2012,3,24,1,0,2,0
0,2014,3,25,1,0,3,0
0,2015,3,28,1,0,3,0
1,2015,3,26,1,0,4,1
0,2014,3,28,0,0,1,0
0,2015,3,25,1,0,3,0
1,2015,2,28,0,0,2,0
0,2014,3,27,0,0,5,0
0,2013,3,26,1,0,4,0
0,2016,3,26,1,0,4,0
0,2012,3,25,1,0,3,0
0,2015,3,25,1,0,3,0
0,2014,3,24,0,0,2,0
0,2012,3,27,1,0,5,1
1,2017,3,27,1,0,5,1
0,2015,3,27,1,0,5,0
0,2018,3,24,1,0,2,1
1,2017,3,27,1,0,5,1
1,2017,2,28,0,0,1,1
1,2017,2,24,1,0,2,1
1,2016,3,25,0,0,3,1
2,2015,3,28,0,0,1,0
0,2017,2,26,1,0,4,0
0,2013,2,27,1,0,5,0
0,2015,3,26,1,0,4,0
0,2015,3,26,1,0,4,0
0,2013,3,28,1,0,1,0
0,2015,3,27,0,0,5,0
0,2013,3,25,0,0,3,0
0,2013,3,28,1,0,1,0
0,2017,3,24,1,0,2,0
0,2013,3,27,0,0,5,0
0,2015,3,28,1,1,2,0
0,2015,3,28,1,0,3,0
0,2014,2,25,0,0,3,1
0,2014,3,25,1,0,3,0
0,2017,3,27,1,0,5,0
0,2014,2,26,0,0,4,1
2,2013,3,24,1,0,2,0
0,2015,2,26,0,0,4,1
0,2017,3,25,1,0,3,0
1,2013,2,27,1,0,5,1
1,2017,3,28,1,0,2,0
0,2012,3,25,1,0,3,1
0,2017,3,27,1,0,5,0
1,2017,2,27,0,0,5,0
1,2013,2,28,0,0,2,1
1,2017,3,28,1,0,1,1
0,2018,3,27,0,0,5,1
0,2014,3,25,0,0,3,0
1,2017,3,27,1,0,5,1
1,2013,3,26,1,0,4,1
0,2013,2,25,0,0,3,1
1,2012,3,26,1,0,4,1
0,2016,3,25,1,0,3,1
0,2013,2,26,1,0,4,0
0,2018,3,28,0,0,2,1
0,2013,3,27,1,0,5,0
0,2015,1,24,0,1,2,1
0,2013,3,28,1,0,2,0
0,2015,2,27,0,1,5,1
0,2018,3,25,1,0,3,1
0,2014,2,27,0,0,5,1
0,2013,3,24,1,0,2,0
0,2014,3,24,1,0,2,0
2,2015,2,25,0,0,3,0
0,2014,3,26,1,1,4,0
0,2018,3,24,1,0,2,1
1,2015,2,25,0,0,3,0
0,2015,3,24,1,0,2,0
0,2014,3,24,0,0,2,0
1,2017,2,26,0,0,4,1
0,2012,3,28,1,0,1,0
1,2017,2,26,0,0,4,0
0,2016,3,25,1,0,3,0
0,2017,3,24,1,0,2,1
0,2013,2,28,0,0,3,1
0,2014,3,25,0,0,3,1
0,2014,3,25,1,0,3,0
0,2014,2,24,0,0,2,1
0,2015,3,28,1,0,2,1
0,2015,3,27,1,0,5,0
0,2016,3,26,1,0,4,0
1,2015,3,26,0,0,4,1
0,2016,1,28,0,0,2,0
0,2014,3,25,1,1,3,0
0,2014,3,27,1,0,5,0
0,2017,3,28,1,0,2,0
1,2018,3,24,0,1,2,1
0,2017,2,25,1,0,3,0
0,2018,2,24,0,0,2,1
1,2017,2,28,0,0,1,0
0,2013,1,27,0,0,5,0
0,2017,2,27,0,0,5,0
0,2017,3,28,1,0,1,0
0,2016,2,27,0,0,5,1
1,2018,3,24,1,0,2,1
0,2012,1,26,1,0,4,0
0,2016,3,26,1,0,4,0
1,2016,1,27,1,0,5,0
0,2015,3,26,0,0,4,0
0,2012,3,27,1,1,5,0
0,2013,3,24,1,1,2,1
0,2018,3,26,0,0,4,1
1,2017,2,26,0,0,4,1
1,2017,2,28,0,0,2,0
0,2013,3,28,1,0,1,0
1,2013,3,25,1,0,3,0
0,2018,3,28,0,1,1,1
0,2013,3,27,0,0,5,1
0,2012,3,25,1,0,3,0
0,2014,3,28,1,0,1,0
0,2017,3,28,0,0,3,0
1,2017,2,28,1,1,2,0
0,2014,3,25,1,0,3,0
1,2017,3,26,1,0,4,0
0,2015,1,25,0,0,3,1
1,2013,3,27,1,0,5,0
2,2014,3,24,0,0,2,0
1,2017,2,27,0,0,5,0
0,2018,3,26,1,0,4,1
0,2012,3,26,1,0,4,0
1,2015,3,27,0,0,5,1
0,2018,3,26,1,0,4,1
0,2016,3,24,1,0,2,0
1,2017,2,25,0,0,3,0
0,2017,2,28,1,0,1,0
0,2012,3,27,0,0,5,0
1,2013,3,26,1,0,4,1
0,2015,3,26,0,1,4,1
0,2014,3,28,1,0,2,0
0,2016,3,24,0,0,2,1
0,2012,3,28,1,0,3,0
0,2012,3,27,1,0,5,0
0,2013,3,26,1,0,4,0
0,2014,3,28,0,0,1,0
0,2014,3,27,0,1,5,0
0,2015,3,26,0,1,4,1
1,2014,3,26,1,0,4,1
2,2015,3,25,0,0,3,0
1,2015,3,25,1,0,3,0
0,2012,3,27,1,0,5,0
1,2017,2,24,0,0,2,0
0,2016,3,24,1,0,2,0
1,2015,3,28,0,0,2,0
0,2017,3,24,0,0,2,0
0,2017,3,25,1,0,3,0
0,2017,1,25,1,0,3,0
1,2015,3,28,0,0,2,0
0,2017,3,26,1,0,4,0
0,2014,3,24,1,0,2,0
0,2014,3,25,0,0,3,1
0,2018,3,26,0,0,4,1
0,2016,3,27,1,0,5,0
0,2017,3,28,0,0,2,0
0,2012,3,28,1,0,2,0
1,2012,3,24,0,0,2,1
0,2013,3,26,1,0,4,0
0,2015,3,26,0,1,4,0
0,2017,3,28,1,0,1,0
0,2018,3,25,1,1,3,1
1,2017,3,24,1,0,2,0
0,2013,3,28,1,0,2,1
0,2017,3,24,1,0,2,0
1,2017,2,25,0,0,3,1
0,2013,2,28,0,0,1,1
0,2015,3,24,0,0,2,0
0,2016,3,26,1,0,4,0
0,2015,2,27,0,0,5,1
0,2018,3,24,0,0,2,1
0,2013,3,27,0,0,5,0
0,2013,3,24,1,1,2,0
0,2013,3,24,0,0,2,0
0,2013,3,27,1,0,5,0
0,2017,3,26,0,0,4,0
0,2015,3,24,0,0,2,0
0,2012,3,24,0,0,2,1
0,2016,3,24,1,1,2,1
0,2012,3,28,1,0,3,0
0,2017,2,27,1,0,5,0
0,2012,2,27,0,0,5,1
1,2017,2,27,1,0,5,0
0,2017,2,24,1,0,2,1
0,2016,1,26,0,0,4,1
0,2015,3,26,0,0,4,1
0,2016,3,25,1,0,3,1
0,2012,3,26,1,0,4,0
0,2017,3,28,1,0,2,0
0,2012,3,25,1,0,3,0
0,2017,3,25,0,1,3,0
1,2017,2,26,1,0,4,0
1,2017,3,28,1,0,1,1
1,2015,2,25,0,0,3,1
0,2017,2,26,0,0,4,0
0,2017,2,26,1,0,4,0
0,2016,3,27,1,0,5,0
0,2017,3,27,0,0,5,0
0,2015,3,24,0,0,2,0
1,2017,1,26,0,0,4,1
0,2017,1,28,0,0,2,0
0,2015,3,24,1,0,2,0
1,2015,2,25,0,0,3,1
0,2014,3,25,0,0,3,0
0,2014,3,28,1,0,2,0
0,2017,3,28,1,0,3,0
1,2015,1,27,1,0,5,0
0,2014,1,26,0,0,4,1
1,2018,3,25,1,1,3,1
0,2016,3,28,0,0,3,0
0,2018,3,26,0,1,4,1
0,2015,2,24,0,0,2,1
0,2017,3,27,1,1,5,0
0,2014,3,26,1,0,4,0
0,2014,3,24,1,0,2,0
0,2016,3,28,1,0,2,0
0,2015,2,25,0,0,3,1
0,2013,3,27,1,0,5,0
0,2015,3,28,1,0,3,0
0,2014,3,26,1,0,4,0
0,2012,3,24,1,0,2,0
0,2013,3,27,1,0,5,0
0,2015,3,26,0,1,4,1
0,2015,3,28,1,0,2,0
0,2014,2,24,0,0,2,1
0,2013,3,24,1,0,2,0
0,2018,3,28,1,1,3,1
0,2015,3,27,1,0,5,0
0,2014,2,26,1,0,4,0
0,2016,3,25,1,0,3,1
2,2013,3,25,1,0,3,0
0,2014,3,25,1,0,3,0
0,2017,2,28,0,0,1,0
0,2015,1,26,0,0,4,1
1,2017,3,26,1,1,4,1
0,2014,3,27,1,0,5,0
0,2012,3,24,0,0,2,0
0,2017,2,24,1,0,2,0
0,2015,3,26,1,0,4,0
0,2012,3,26,0,0,4,0
0,2015,3,24,1,0,2,0
1,2014,3,25,1,0,3,0
0,2015,3,28,1,0,2,0
0,2016,3,24,1,0,2,0
0,2016,3,26,0,0,4,0
0,2015,2,25,0,1,3,1
1,2013,2,25,1,0,3,1
0,2017,3,25,1,0,3,0
0,2015,2,26,0,1,4,1
1,2015,2,26,0,0,4,1
0,2012,3,27,0,0,5,0
1,2017,3,28,1,1,2,0
0,2016,3,25,1,0,3,0
0,2016,3,24,1,0,2,0
0,2016,3,28,1,0,1,0
0,2013,3,27,0,1,5,0
0,2015,3,26,1,0,4,0
0,2016,3,27,1,0,5,0
0,2017,2,27,1,0,5,0
0,2012,3,27,1,0,5,0
2,2018,3,25,1,0,3,1
0,2014,3,27,1,0,5,0
0,2013,3,26,0,0,4,0
1,2017,2,24,0,0,2,1
2,2016,2,28,1,0,3,1
1,2014,3,26,1,0,4,1
1,2017,2,27,1,1,5,1
2,2013,3,27,1,0,5,0
1,2014,3,28,0,0,1,0
0,2017,3,27,1,0,5,0
0,2015,3,26,0,1,4,1
1,2014,3,26,1,0,4,1
1,2012,3,27,1,0,5,0
0,2017,3,26,1,0,4,0
1,2017,2,27,1,0,5,1
0,2017,3,27,1,0,5,0
0,2016,3,25,1,0,3,1
0,2016,3,27,1,1,5,0
0,2014,3,25,1,0,3,0
0,2017,3,28,1,0,1,0
1,2012,3,24,1,0,2,0
0,2014,3,25,1,1,3,0
0,2013,2,25,1,0,3,1
0,2012,3,27,1,0,5,0
0,2017,3,26,1,0,4,0
0,2013,3,26,1,0,4,0
0,2016,3,24,1,0,2,0
0,2014,3,25,0,0,3,0
0,2015,3,25,1,0,3,0
2,2012,3,24,1,0,2,0
0,2013,3,27,1,0,5,0
0,2015,3,25,1,0,3,0
0,2016,3,26,1,0,4,0
1,2015,3,24,0,0,2,0
0,2012,3,26,1,0,4,0
0,2013,3,24,1,0,2,0
1,2017,3,24,1,0,2,1
0,2014,1,25,1,1,3,0
0,2018,3,28,1,0,1,1
0,2017,3,28,1,1,3,0
1,2013,3,28,0,1,2,1
0,2013,3,26,1,1,4,0
1,2018,1,24,1,1,2,1
0,2012,3,25,1,0,3,0
2,2013,2,27,0,0,5,0
1,2018,3,28,1,1,2,1
0,2014,3,28,1,0,3,1
0,2014,3,27,1,0,5,0
0,2013,3,24,0,0,2,1
0,2015,2,28,0,0,1,1
0,2015,2,26,0,0,4,1
0,2017,2,28,0,0,3,0
1,2012,3,27,0,0,5,1
1,2017,3,25,0,1,3,1
1,2013,2,25,1,0,3,1
1,2017,2,27,1,0,5,1
0,2017,3,24,1,0,2,0
0,2016,2,24,0,0,2,1
0,2012,3,26,0,0,4,0
0,2012,3,24,1,0,2,1
1,2017,2,24,1,0,2,0
0,2015,2,25,0,1,3,1
0,2015,3,26,0,1,4,0
0,2013,2,24,1,1,2,1
0,2013,3,25,1,0,3,0
2,2015,2,28,0,0,1,0
0,2016,3,24,1,0,2,0
0,2017,3,24,0,0,2,0
0,2016,3,27,1,0,5,0
0,2017,3,25,0,0,3,0
1,2014,3,27,1,0,5,0
0,2016,3,27,1,0,5,0
0,2016,3,28,0,0,3,0
0,2018,3,25,1,0,3,1
0,2013,3,26,1,1,4,1
0,2015,3,25,1,0,3,1
0,2017,2,25,0,0,3,1
0,2012,3,25,1,1,3,0
0,2014,3,28,0,0,2,0
0,2017,2,27,0,0,5,0
0,2018,3,26,1,0,4,1
1,2014,3,28,1,0,2,0
0,2013,3,27,1,0,5,1
1,2017,3,25,1,0,3,1
0,2018,3,28,1,0,2,1
0,2016,3,24,1,0,2,0
0,2012,3,24,1,1,2,0
0,2015,3,28,0,0,1,0
0,2014,3,24,1,0,2,0
0,2013,3,27,1,0,5,0
0,2016,3,24,0,0,2,0
0,2012,3,25,0,0,3,0
0,2012,3,28,1,0,3,0
0,2018,3,25,1,1,3,1
0,2014,3,27,1,0,5,1
0,2016,3,27,0,0,5,0
1,2015,2,24,0,0,2,0
1,2014,3,24,0,0,2,1
0,2013,3,25,1,0,3,0
1,2017,3,24,1,0,2,0
0,2015,3,25,1,0,3,0
0,2017,3,24,1,0,2,0
0,2017,2,28,1,0,3,0
0,2016,3,28,1,0,2,0
2,2014,3,24,1,0,2,0
1,2017,2,26,0,0,4,0
1,2018,3,25,1,0,3,1
0,2014,3,28,1,0,3,1
0,2014,3,25,1,0,3,1
0,2018,3,28,0,0,3,1
1,2017,2,25,1,1,3,1
1,2013,3,28,1,0,2,0
0,2014,3,26,1,1,4,0
1,2017,2,25,0,0,3,1
1,2013,3,25,0,0,3,0
0,2016,3,25,1,0,3,0
0,2018,3,24,1,0,2,1
1,2017,2,26,1,1,4,1
0,2013,3,24,1,0,2,0
0,2013,3,28,1,0,2,0
1,2015,3,28,0,1,2,0
0,2015,2,27,0,1,5,1
1,2014,2,27,0,0,5,0
0,2017,2,27,1,0,5,0
0,2012,3,26,1,0,4,0
1,2015,1,27,0,0,5,0
0,2013,1,28,1,0,3,1
0,2012,2,26,0,0,4,1
0,2013,3,27,1,0,5,0
1,2017,2,25,1,0,3,0
0,2017,3,27,1,0,5,0
0,2012,3,24,1,0,2,0
0,2017,3,26,1,0,4,0
0,2014,3,28,0,0,1,1
0,2015,3,25,1,0,3,0
0,2015,2,28,0,0,3,1
0,2017,3,24,0,0,2,0
0,2016,3,27,0,0,5,1
0,2012,3,25,1,0,3,0
1,2018,3,25,1,0,3,1
0,2015,3,26,1,0,4,0
0,2014,3,26,1,0,4,0
2,2017,3,27,1,0,5,0
0,2012,3,26,1,0,4,0
0,2016,3,26,1,0,4,0
0,2017,3,28,0,0,2,0
0,2014,3,25,0,0,3,0
0,2013,3,28,1,1,3,0
0,2017,3,25,1,0,3,0
0,2018,3,27,1,0,5,1
0,2017,3,26,1,0,4,0
0,2017,2,25,0,0,3,1
0,2017,2,26,0,0,4,1
0,2015,3,28,1,0,3,0
1,2017,2,26,1,0,4,1
1,2015,3,28,0,1,2,0
0,2012,2,25,1,0,3,1
0,2016,3,25,0,0,3,0
1,2017,2,26,0,0,4,0
0,2014,3,25,1,0,3,0
0,2014,3,25,1,0,3,1
2,2018,3,26,1,0,4,1
0,2016,3,26,1,0,4,0
0,2014,3,27,1,0,5,0
0,2012,3,25,1,0,3,0
1,2012,2,26,0,0,4,0
1,2016,3,27,1,0,5,1
2,2017,3,28,1,0,1,0
0,2014,3,27,1,0,5,0
0,2018,3,26,1,0,4,1
0,2018,1,27,1,0,5,0
0,2016,3,24,1,0,2,0
0,2012,3,25,1,0,3,0
0,2017,3,27,1,0,5,0
0,2016,3,28,1,0,2,0
0,2017,2,27,1,0,5,0
0,2013,3,25,1,0,3,0
0,2013,3,28,1,0,1,0
0,2018,3,28,0,0,3,1
0,2016,3,27,1,1,5,0
1,2015,2,28,0,0,3,0
1,2015,3,24,0,0,2,1
0,2017,3,24,1,0,2,0
0,2015,2,24,0,0,2,1
1,2013,3,28,1,0,2,1
0,2017,3,27,0,0,5,1
0,2014,3,26,1,0,4,0
0,2016,3,26,1,0,4,0
0,2014,1,26,0,0,4,1
0,2015,3,28,1,0,3,0
0,2012,3,26,1,0,4,0
0,2017,2,26,1,0,4,0
1,2017,2,26,0,0,4,0
0,2016,3,26,1,0,4,1
0,2013,3,26,1,1,4,0
0,2014,3,28,1,0,3,1
0,2014,3,28,0,0,3,0
0,2014,3,25,0,0,3,1
0,2016,3,28,1,0,3,0
1,2017,3,27,1,0,5,1
0,2015,3,25,1,0,3,0
0,2014,3,27,1,0,5,0
0,2012,3,28,1,0,3,0
1,2017,3,26,1,0,4,1
0,2013,3,25,1,1,3,0
0,2015,2,28,0,0,2,1
2,2013,1,26,1,0,4,0
1,2012,3,27,1,0,5,1
0,2016,1,28,1,0,2,0
0,2017,3,27,1,0,5,0
0,2017,3,25,1,0,3,0
1,2017,2,24,0,1,2,1
0,2015,1,25,0,1,3,0
0,2018,3,27,1,0,5,1
0,2014,3,26,1,0,4,0
0,2018,3,26,1,0,4,1
0,2015,2,24,0,0,2,1
0,2018,3,27,1,0,5,1
0,2016,3,27,0,0,5,0
1,2016,3,25,0,0,3,1
1,2018,3,26,1,0,4,1
0,2018,3,24,0,0,2,1
0,2017,2,28,1,0,3,0
0,2015,3,27,1,0,5,0
0,2017,3,26,1,0,4,0
0,2016,3,25,1,0,3,0
0,2013,3,25,1,0,3,0
0,2015,3,25,0,0,3,1
0,2014,3,28,0,0,3,0
0,2015,3,24,1,0,2,0
0,2016,3,26,0,0,4,0
0,2018,1,25,1,1,3,0
1,2017,2,28,0,0,1,0
0,2014,2,25,0,0,3,1
0,2017,3,25,1,0,3,0
0,2016,3,28,0,0,3,0
0,2014,3,28,0,0,2,0
1,2017,2,28,1,0,2,0
0,2017,2,24,0,0,2,0
2,2013,2,25,1,0,3,1
0,2017,3,24,1,0,2,0
0,2017,3,26,0,0,4,0
0,2015,1,25,1,0,3,0
0,2016,3,26,0,0,4,0
2,2014,3,28,1,0,2,1
1,2018,3,27,0,0,5,1
0,2016,3,27,0,0,5,0
1,2017,2,25,1,0,3,1
0,2017,3,26,1,0,4,0
0,2016,3,27,0,1,5,0
0,2017,2,25,0,0,3,1
0,2018,3,28,0,0,1,1
0,2014,3,25,0,0,3,1
0,2018,3,28,1,0,1,1
0,2017,1,26,0,0,4,0
0,2013,3,24,1,0,2,1
0,2012,3,26,0,0,4,0
0,2012,3,25,1,0,3,0
1,2013,2,24,1,0,2,1
0,2018,3,26,1,0,4,1
0,2016,3,28,0,0,2,0
0,2016,3,26,1,0,4,0
1,2014,3,24,1,0,2,0
0,2013,3,26,1,0,4,0
0,2014,2,26,0,0,4,1
0,2014,3,25,1,0,3,0
0,2013,3,27,1,0,5,0
0,2018,3,27,1,0,5,1
0,2015,3,25,0,0,3,1
0,2016,3,26,1,0,4,0
0,2015,2,27,0,0,5,1
0,2017,3,26,1,0,4,0
1,2017,2,26,0,0,4,0
0,2017,3,27,0,1,5,0
1,2017,1,24,1,0,2,0
1,2017,2,26,0,0,4,0
0,2015,3,27,1,1,5,0
0,2015,3,26,1,0,4,0
1,2017,2,24,1,0,2,1
0,2017,3,26,0,0,4,0
0,2014,3,26,1,0,4,0
0,2015,3,28,1,1,1,1
1,2017,2,24,1,0,2,0
0,2013,2,25,0,0,3,1
1,2013,3,27,1,0,5,1
0,2017,3,27,1,0,5,0
0,2015,2,28,0,1,2,1
0,2014,2,24,0,0,2,1
0,2016,2,27,0,0,5,1
0,2017,3,27,0,0,5,0
0,2016,3,26,1,0,4,0
0,2015,2,27,1,0,5,0
0,2015,3,26,1,0,4,0
0,2018,3,27,1,1,5,1
0,2016,3,24,1,0,2,0
0,2014,3,24,1,0,2,0
0,2013,2,24,0,0,2,1
0,2012,3,26,0,0,4,0
0,2015,2,28,0,1,2,1
0,2018,3,26,1,0,4,1
0,2016,3,24,0,0,2,0
1,2017,3,24,1,0,2,1
1,2016,3,24,1,0,2,0
0,2013,3,28,1,1,1,1
0,2015,1,28,0,0,1,0
2,2018,3,24,0,0,2,1
0,2016,3,26,1,1,4,0
0,2013,3,27,1,0,5,0
0,2013,3,25,1,0,3,1
1,2016,3,24,1,0,2,1
0,2017,1,25,0,0,3,0
0,2013,3,28,1,0,3,0
0,2018,3,28,1,0,1,1
0,2017,3,24,1,0,2,0
1,2014,3,24,1,0,2,1
2,2012,3,24,1,0,2,0
0,2017,3,25,0,0,3,0
1,2014,3,27,1,0,5,0
0,2015,3,27,0,0,5,0
0,2014,3,25,1,0,3,1
0,2012,3,28,1,0,3,0
0,2012,3,25,0,0,3,0
0,2015,3,24,0,0,2,0
0,2013,3,27,1,0,5,0
0,2013,3,26,0,0,4,0
0,2012,2,26,1,0,4,0
1,2017,3,28,0,0,3,1
0,2015,3,25,1,0,3,1
0,2012,3,28,0,0,2,0
0,2017,2,26,0,0,4,1
0,2012,3,27,0,0,5,0
1,2016,3,28,1,0,1,0
0,2015,2,28,0,0,1,1
1,2017,3,24,1,0,2,1
0,2015,2,25,0,0,3,1
0,2014,3,24,1,0,2,0
0,2016,3,28,1,0,3,0
0,2016,3,25,0,1,3,0
1,2015,3,26,1,0,4,1
1,2015,3,28,0,0,3,0
0,2013,1,24,0,0,2,1
0,2014,3,24,1,0,2,0
0,2018,3,26,1,0,4,1
0,2013,3,26,1,0,4,0
0,2015,3,25,0,0,3,1
0,2017,3,28,1,0,2,0
0,2016,1,25,0,0,3,1
1,2013,3,25,1,1,3,1
0,2017,3,24,0,0,2,0
1,2013,3,25,0,0,3,1
0,2013,1,28,0,0,2,0
1,2014,3,27,0,0,5,1
0,2013,3,26,1,0,4,0
0,2016,3,25,1,0,3,0
0,2015,2,26,0,1,4,1
0,2017,3,25,1,0,3,0
0,2013,3,26,1,0,4,0
0,2013,2,27,1,1,5,0
0,2015,2,25,0,0,3,1
0,2016,3,25,1,1,3,0
0,2017,3,25,1,0,3,1
0,2016,3,28,1,0,1,0
0,2018,3,24,1,0,2,1
1,2015,3,28,0,0,3,0
0,2017,3,26,1,0,4,0
1,2017,2,26,1,0,4,1
0,2017,2,27,0,0,5,0
0,2013,2,26,0,0,4,1
0,2012,3,24,1,0,2,0
0,2013,3,28,0,1,3,0
1,2015,2,24,0,0,2,0
0,2016,3,25,1,0,3,0
1,2017,2,25,1,0,3,1
0,2016,3,26,1,0,4,0
0,2013,3,24,1,0,2,0
0,2012,2,25,1,0,3,1
0,2014,3,24,1,0,2,0
0,2017,3,27,0,0,5,1
0,2017,3,27,0,0,5,0
0,2013,3,27,1,0,5,0
0,2015,2,24,0,1,2,1
0,2017,3,24,0,1,2,0
2,2015,3,28,0,0,1,0
0,2017,3,27,1,0,5,0
1,2017,2,28,0,0,2,0
0,2017,2,25,0,0,3,0
0,2014,2,25,0,0,3,1
0,2016,3,28,0,1,3,0
0,2015,2,27,0,0,5,1
1,2017,2,25,1,0,3,1
1,2017,2,25,0,1,3,1
0,2017,3,24,0,0,2,1
0,2013,3,26,0,0,4,0
0,2018,3,24,1,1,2,1
0,2016,3,28,1,0,1,0
1,2017,2,24,1,0,2,1
0,2017,3,25,1,0,3,0
0,2017,3,25,1,0,3,0
0,2017,3,24,1,0,2,1
1,2014,3,25,0,0,3,1
0,2012,3,27,0,0,5,0
0,2012,3,27,0,0,5,0
0,2017,3,28,1,0,2,1
0,2012,3,28,1,1,3,1
0,2012,3,28,0,0,2,0
0,2018,3,24,0,0,2,1
2,2016,3,24,0,0,2,0
1,2017,2,27,0,0,5,1
1,2013,2,27,0,0,5,1
0,2015,3,26,0,0,4,0
1,2015,3,28,0,0,1,1
0,2014,3,27,1,0,5,0
0,2013,3,25,0,0,3,0
0,2015,3,26,0,0,4,1
0,2012,3,24,1,0,2,0
0,2012,3,26,0,0,4,0
1,2015,2,25,0,0,3,1
0,2013,3,24,1,0,2,0
1,2017,2,27,0,0,5,0
1,2017,2,26,1,0,4,0
0,2014,3,27,1,0,5,0
0,2018,3,25,1,0,3,1
0,2014,3,25,0,0,3,0
0,2013,2,27,0,0,5,1
0,2015,3,26,1,0,4,0
0,2017,2,24,1,0,2,1
1,2017,2,26,1,0,4,1
0,2013,2,25,1,1,3,1
1,2017,2,25,0,0,3,1
0,2013,3,26,0,1,4,0
0,2014,3,28,1,0,2,0
0,2016,3,27,0,0,5,0
0,2017,2,28,1,0,1,0
1,2014,3,27,1,0,5,0
0,2014,3,28,0,0,1,0
0,2015,3,27,1,0,5,1
0,2015,3,24,1,0,2,1
0,2018,3,24,1,0,2,1
0,2013,3,26,1,0,4,0
0,2012,3,28,0,0,2,0
1,2017,2,26,1,0,4,0
1,2017,2,25,1,0,3,1
0,2016,3,27,0,0,5,0
0,2012,3,26,1,0,4,0
0,2015,3,25,1,0,3,0
0,2012,3,26,0,1,4,0
1,2014,3,27,1,0,5,1
1,2017,2,26,1,0,4,0
1,2012,3,26,1,0,4,1
0,2015,2,26,0,0,4,1
1,2014,3,25,1,0,3,0
0,2015,3,28,1,1,2,0
1,2012,3,27,1,0,5,1
0,2017,2,27,1,0,5,0
0,2016,3,24,1,0,2,0
0,2017,3,27,1,0,5,0
0,2014,3,26,1,0,4,1
0,2017,3,24,0,0,2,0
0,2017,3,28,1,0,1,0
0,2014,3,26,1,0,4,1
0,2018,3,28,0,0,3,1
0,2014,3,24,0,0,2,0
0,2017,1,27,1,0,5,0
0,2015,3,24,0,0,2,0
0,2017,3,27,1,0,5,0
0,2017,3,28,1,0,3,0
0,2014,3,25,1,0,3,0
0,2017,3,25,0,0,3,0
0,2018,3,25,1,0,3,1
0,2013,3,28,0,0,3,0
0,2017,3,27,1,0,5,0
0,2013,3,27,1,0,5,0
1,2017,2,26,0,0,4,1
0,2014,3,24,1,0,2,0
0,2017,3,27,1,0,5,0
0,2012,3,27,1,0,5,0
0,2017,3,24,1,0,2,0
0,2014,3,25,1,0,3,0
0,2014,3,28,1,0,3,0
0,2018,3,26,1,0,4,1
1,2017,3,28,1,0,1,1
0,2018,3,27,1,1,5,1
0,2017,3,28,1,1,1,0
0,2016,3,25,1,0,3,0
0,2013,3,24,0,0,2,0
0,2018,3,25,0,0,3,1
0,2014,3,24,0,0,2,0
0,2012,3,26,1,0,4,0
1,2013,1,24,0,0,2,0
1,2013,1,24,1,1,2,1
0,2014,3,26,1,0,4,0
0,2017,3,27,1,0,5,0
0,2017,2,25,1,0,3,0
0,2015,3,28,0,0,1,0
0,2014,3,24,1,0,2,0
2,2018,3,24,0,0,2,1
0,2015,3,28,1,0,1,0
0,2015,3,26,1,0,4,0
2,2015,2,28,0,0,1,0
0,2018,3,25,1,1,3,1
0,2016,3,26,1,0,4,0
0,2015,3,27,0,0,5,1
0,2017,3,24,1,0,2,0
0,2014,3,27,1,0,5,0
1,2012,3,28,1,0,2,0
0,2012,3,28,1,0,3,0
0,2012,2,27,0,0,5,1
0,2012,2,27,0,0,5,1
1,2012,3,27,1,0,5,1
0,2018,3,25,0,0,3,1
1,2018,3,27,1,0,5,1
1,2017,2,28,1,0,2,0
0,2013,3,27,1,0,5,0
1,2017,2,28,1,1,2,1
0,2017,3,27,1,0,5,0
0,2017,3,28,0,0,1,0
0,2016,3,28,1,0,3,0
0,2014,3,26,0,0,4,0
0,2018,3,25,1,0,3,1
0,2017,3,26,0,0,4,0
0,2015,2,26,0,0,4,1
0,2017,3,26,1,0,4,0
0,2012,3,25,0,1,3,0
0,2017,3,25,1,1,3,0
0,2013,3,28,0,0,1,1
0,2013,3,24,0,0,2,1
0,2014,3,25,1,0,3,0
1,2017,3,25,1,0,3,1
0,2015,2,27,0,0,5,1
1,2017,2,28,1,0,3,0
1,2017,3,26,1,0,4,0
1,2017,2,24,0,0,2,0
1,2015,1,26,0,0,4,0
1,2013,3,26,1,0,4,0
0,2015,3,26,1,0,4,0
0,2017,3,24,1,0,2,0
2,2016,3,27,1,0,5,0
0,2018,3,24,1,0,2,1
0,2014,3,25,1,0,3,0
0,2012,3,26,1,0,4,0
0,2017,3,28,1,0,3,0
0,2014,3,25,1,0,3,0
1,2018,3,25,0,0,3,1
0,2013,2,25,0,0,3,1
2,2013,3,26,1,0,4,0
0,2015,3,28,0,0,3,0
0,2017,3,24,1,0,2,0
1,2018,1,26,0,0,4,1
0,2013,2,24,0,0,2,1
0,2018,3,24,1,0,2,1
2,2016,1,25,0,0,3,1
0,2014,3,26,1,0,4,1
1,2015,1,27,0,0,5,0
0,2013,3,28,0,0,2,1
0,2016,1,27,0,0,5,0
0,2014,3,24,1,0,2,0
0,2016,3,26,1,1,4,0
0,2015,3,25,0,0,3,1
0,2013,3,24,1,0,2,0
0,2015,3,25,0,0,3,0
0,2015,3,26,1,0,4,0
0,2016,3,26,1,0,4,0
0,2013,3,26,1,0,4,0
1,2016,3,26,0,0,4,1
0,2018,3,27,0,0,5,1
0,2017,3,24,0,0,2,0
0,2014,3,24,0,0,2,0
0,2013,3,26,1,1,4,0
0,2014,3,26,1,0,4,0
0,2014,3,24,1,0,2,0
0,2012,3,26,1,0,4,0
0,2014,2,26,0,0,4,1
0,2016,3,28,0,0,5,0
0,2015,3,28,1,0,5,0
0,2012,2,26,0,0,4,1
0,2013,3,26,0,0,4,0
0,2013,3,24,1,0,2,0
1,2017,3,28,0,0,3,0
0,2012,3,27,0,0,5,0
0,2017,3,25,1,0,3,0
0,2012,3,24,0,0,2,1
1,2015,1,24,1,0,2,0
1,2013,3,27,1,0,5,1
0,2017,3,24,0,0,2,1
0,2014,3,28,1,0,1,1
0,2015,3,28,0,0,1,0
1,2013,3,27,1,0,5,0
0,2014,3,26,1,0,4,0
0,2017,3,25,1,0,3,0
1,2015,3,24,1,0,2,1
0,2014,3,25,1,0,3,0
0,2014,3,25,0,0,3,0
0,2017,1,24,1,0,2,0
0,2014,3,27,0,0,5,1
0,2013,3,27,0,0,5,0
0,2012,3,28,0,0,2,0
0,2015,3,27,1,0,5,0
0,2012,3,26,1,0,4,0
0,2013,1,27,0,0,5,1
0,2014,3,27,0,1,5,0
0,2014,3,28,1,0,4,0
0,2014,3,27,1,0,5,1
0,2014,3,28,0,0,1,0
1,2018,3,25,0,0,3,1
0,2017,3,27,1,0,5,0
0,2015,3,24,1,1,2,1
1,2017,2,25,0,0,3,1
0,2017,2,27,0,0,5,0
0,2016,3,28,1,0,3,1
0,2015,2,25,0,1,3,1
1,2017,3,24,1,0,2,0
0,2015,3,28,1,0,4,0
1,2014,3,26,1,0,4,1
0,2013,3,26,1,0,4,0
0,2016,3,26,1,0,4,0
0,2013,3,26,1,0,4,0
1,2013,1,24,0,0,2,1
0,2014,3,25,1,0,3,0
0,2018,3,27,1,0,5,1
0,2013,3,28,1,0,1,0
0,2016,2,28,0,0,4,1
0,2012,3,28,1,0,1,0
0,2017,3,25,0,0,3,0
0,2018,3,25,1,1,3,1
0,2012,1,27,0,0,5,1
1,2017,3,24,1,0,2,0
0,2014,3,24,1,0,2,0
0,2014,3,26,1,0,4,0
0,2013,3,25,0,0,3,1
0,2017,3,28,1,0,2,0
0,2015,3,25,0,0,3,1
0,2017,3,24,1,0,2,0
0,2018,3,24,1,1,2,1
0,2016,3,28,1,1,4,0
0,2014,3,26,0,0,4,0
0,2017,3,28,1,0,1,0
0,2012,3,27,1,0,5,0
0,2016,3,26,1,0,4,0
0,2014,3,27,0,0,5,0
0,2014,3,27,0,1,5,1
0,2013,3,26,1,0,4,0
2,2015,2,24,0,0,2,0
0,2018,3,26,1,0,4,1
0,2017,2,24,0,0,2,0
2,2015,1,25,0,0,3,1
0,2017,3,24,1,0,2,0
0,2013,3,25,0,0,3,0
0,2014,3,24,1,1,2,0
1,2018,3,26,1,1,4,1
0,2015,2,25,0,0,3,1
0,2012,3,25,1,0,3,0
1,2012,3,28,1,1,2,0
0,2015,3,24,0,0,2,0
0,2012,3,24,1,0,2,0
2,2018,3,27,0,0,5,1
0,2014,3,25,1,0,3,0
0,2012,3,25,1,0,3,0
0,2012,3,28,1,0,5,0
0,2017,2,26,0,0,4,0
0,2013,3,25,1,0,3,0
1,2018,3,24,1,0,2,1
0,2016,3,26,1,0,4,0
0,2013,3,26,1,0,4,0
0,2016,3,28,0,0,2,0
1,2017,2,27,1,1,5,1
0,2018,2,27,0,0,5,1
1,2014,3,28,0,0,4,0
1,2017,3,25,0,0,3,0
1,2017,3,26,0,0,4,0
0,2015,2,27,0,0,5,1
0,2013,3,27,0,0,5,0
1,2017,1,26,0,0,4,0
0,2013,3,27,0,0,5,0
0,2012,3,28,1,0,3,0
1,2017,2,27,1,0,5,1
0,2017,3,26,0,0,4,0
0,2013,3,28,0,0,4,1
1,2012,3,27,1,1,5,1
0,2017,2,24,1,0,2,0
1,2017,3,25,0,0,3,1
0,2018,3,25,0,1,3,1
0,2016,3,28,1,1,4,0
1,2017,3,28,1,0,2,0
0,2014,3,24,1,0,2,0
0,2016,3,26,1,1,4,0
0,2014,3,24,0,0,2,1
0,2013,3,26,1,0,4,0
0,2012,3,27,1,0,5,0
0,2018,3,24,1,0,2,1
0,2017,1,26,0,0,4,0
0,2015,3,28,0,0,3,0
0,2013,3,28,1,0,3,1
0,2012,3,27,1,1,5,0
0,2013,3,26,0,0,4,0
1,2013,2,27,0,0,5,1
0,2016,3,24,0,0,2,0
0,2015,2,28,0,0,2,1
0,2015,2,25,0,0,3,1
0,2014,3,24,1,0,2,0
0,2017,3,27,0,0,5,0
0,2012,3,26,1,0,4,0
0,2013,3,28,1,0,0,0
0,2012,3,28,1,0,5,0
0,2015,2,26,0,0,4,1
0,2016,1,26,1,0,4,0
1,2017,2,28,0,1,2,1
1,2017,2,25,1,0,3,1
0,2017,3,24,1,0,2,0
0,2013,3,28,1,0,0,0
0,2014,3,27,1,0,5,1
0,2016,2,26,0,0,4,1
0,2018,3,27,0,1,5,1
0,2012,3,28,1,0,4,0
0,2013,2,26,0,0,4,1
0,2014,3,28,0,0,3,0
1,2017,2,28,0,0,2,0
0,2012,1,27,0,0,5,0
0,2017,2,27,1,0,5,0
0,2014,3,24,1,0,2,0
0,2013,3,27,1,0,5,0
0,2015,3,27,0,0,5,0
0,2017,3,27,1,0,5,0
1,2012,3,24,1,0,2,0
0,2013,2,25,0,0,3,1
0,2017,3,25,1,0,3,0
0,2018,3,25,1,0,3,1
1,2013,3,25,1,1,3,1
0,2013,3,24,0,0,2,0
0,2015,3,24,0,0,2,1
0,2014,3,24,1,0,2,0
1,2012,3,26,0,0,4,1
0,2015,3,25,1,0,3,0
0,2017,2,26,0,0,4,0
0,2013,3,28,1,0,3,0
0,2016,2,28,0,0,0,1
0,2012,3,24,1,0,2,0
0,2015,3,28,1,0,1,0
0,2017,1,24,1,0,2,0
1,2017,2,28,0,0,4,0
0,2017,3,24,1,0,2,0
0,2016,3,27,0,0,5,0
0,2015,3,28,1,0,2,0
0,2016,3,28,0,0,5,0
0,2018,3,25,1,0,3,1
0,2015,3,28,0,0,5,0
0,2014,3,27,1,0,5,1
0,2013,3,26,1,0,4,0
0,2015,1,24,1,0,2,0
0,2012,3,27,0,0,5,0
0,2012,3,25,1,0,3,1
0,2015,3,28,0,0,4,1
1,2017,2,24,0,1,2,1
0,2014,3,28,1,0,2,0
1,2017,2,24,0,0,2,1
0,2014,3,26,0,0,4,1
0,2015,2,28,0,0,3,1
1,2013,2,28,1,0,5,1
0,2013,1,28,0,0,5,1
0,2015,2,26,0,1,4,1
1,2015,3,28,1,0,2,0
0,2013,3,27,1,0,5,0
0,2018,3,28,1,0,2,1
0,2012,3,28,1,0,2,0
0,2014,3,27,0,0,5,1
1,2018,3,24,1,0,2,1
0,2018,3,25,1,1,3,1
0,2017,2,25,1,0,3,0
0,2014,3,24,0,0,2,1
0,2012,3,26,0,0,4,0
0,2014,3,26,1,0,4,0
0,2014,3,28,1,0,4,0
0,2018,3,26,1,1,4,1
0,2013,2,26,1,0,4,0
0,2013,2,25,0,0,3,1
0,2018,3,25,1,1,3,1
0,2013,3,25,0,0,3,0
0,2014,3,28,1,0,4,0
1,2017,3,24,0,0,2,0
1,2017,2,27,0,0,5,0
0,2012,3,24,1,0,2,0
0,2017,3,27,0,0,5,1
1,2017,2,28,1,0,4,0
0,2017,2,25,1,0,3,0
0,2017,3,25,1,1,3,1
1,2017,2,24,0,0,2,1
0,2013,3,27,1,1,5,1
0,2016,3,26,0,0,4,1
0,2015,2,27,0,0,5,1
0,2014,3,27,1,0,5,1
0,2012,3,26,1,0,4,0
0,2016,2,27,0,0,5,1
1,2017,2,28,1,0,2,0
1,2017,3,24,0,0,2,1
0,2017,3,24,1,0,2,0
0,2018,3,24,1,0,2,1
1,2017,2,28,1,0,3,0
0,2015,3,26,0,1,4,0
0,2018,3,26,0,0,4,1
0,2013,3,25,1,1,3,0
0,2016,3,26,1,0,4,0
1,2018,3,28,1,0,2,1
0,2016,3,26,1,0,4,0
0,2017,3,27,1,0,5,0
0,2012,3,27,0,0,5,0
2,2016,3,27,1,0,5,0
0,2017,2,25,1,0,3,0
0,2015,3,28,0,0,2,0
0,2013,2,26,0,0,4,1
0,2017,3,27,0,0,5,0
0,2015,2,24,0,0,2,1
0,2017,3,27,0,0,5,0
0,2016,3,25,1,0,3,1
0,2018,3,26,1,0,4,1
0,2015,3,27,1,0,5,0
0,2014,3,24,1,0,2,0
0,2012,3,27,1,0,5,0
0,2013,3,27,1,0,5,0
0,2015,1,25,1,0,3,0
1,2017,2,25,0,0,3,0
2,2015,3,28,1,0,0,0
0,2015,3,28,1,0,3,0
0,2016,3,28,1,0,5,0
2,2013,3,24,1,0,2,0
0,2014,3,26,1,1,4,0
0,2015,2,26,0,1,4,1
0,2017,3,27,1,1,5,0
0,2014,3,26,1,0,4,0
1,2013,3,27,1,0,5,1
0,2016,3,24,1,1,2,0
0,2016,3,26,1,0,4,0
0,2013,2,28,0,0,2,1
1,2017,2,24,1,0,2,1
1,2017,2,24,1,0,2,1
1,2015,2,24,0,0,2,1
0,2014,3,26,1,0,4,0
0,2016,2,27,0,0,5,1
0,2017,3,25,1,0,3,0
1,2017,2,26,0,0,4,0
0,2016,1,25,0,0,3,0
2,2014,1,25,0,0,3,0
0,2013,3,25,0,0,3,0
0,2014,3,24,1,0,2,0
0,2015,2,28,0,1,2,1
0,2014,3,28,1,0,5,0
0,2015,3,26,1,0,4,0
0,2014,3,25,1,0,3,0
0,2018,3,26,1,0,4,1
1,2015,2,28,0,0,2,0
1,2013,3,28,1,0,2,1
0,2014,3,25,1,0,3,0
1,2015,2,26,0,0,4,0
0,2016,3,27,1,0,5,0
0,2014,3,24,0,0,2,0
1,2017,3,24,0,0,2,0
0,2014,3,25,0,0,3,1
0,2015,3,27,0,0,5,1
0,2017,2,28,1,0,0,0
0,2017,3,25,0,0,3,0
0,2012,3,24,1,0,2,1
1,2016,3,25,1,0,3,1
0,2015,2,26,0,0,4,1
1,2014,3,27,1,0,5,0
0,2015,3,24,0,0,2,1
0,2014,3,25,1,0,3,0
0,2017,3,24,1,0,2,0
0,2017,3,24,0,0,2,1
0,2012,3,28,1,0,1,0
0,2014,1,26,1,0,4,0
0,2017,3,28,1,1,3,0
0,2015,1,25,0,0,3,1
0,2015,2,24,0,1,2,1
0,2017,2,26,1,0,4,0
0,2015,3,28,1,0,0,0
0,2016,3,28,1,0,2,0
0,2013,3,28,0,1,3,1
0,2017,3,27,1,0,5,0
1,2015,3,25,1,0,3,0
0,2012,3,28,0,0,4,0
0,2012,3,26,1,0,4,0
0,2012,3,25,1,0,3,0
1,2017,3,25,1,0,3,1
0,2017,3,25,1,0,3,0
0,2012,3,26,0,0,4,0
0,2017,3,26,0,0,4,0
1,2017,2,25,1,1,3,1
0,2015,3,25,1,0,3,0
0,2013,3,26,0,0,4,0
0,2017,3,25,0,0,3,1
0,2014,3,28,0,1,2,0
0,2016,3,27,0,0,5,0
0,2018,3,25,1,0,3,1
0,2012,3,27,0,1,5,0
0,2017,3,27,0,0,5,0
0,2016,2,25,1,0,3,1
0,2016,3,28,0,0,4,0
0,2017,2,27,1,0,5,0
0,2016,3,24,0,0,2,0
0,2013,3,25,1,0,3,0
0,2017,2,25,0,0,3,0
0,2015,3,24,1,0,2,0
0,2012,3,25,0,0,3,0
2,2017,3,27,0,0,5,0
0,2014,3,25,0,0,3,1
1,2017,3,28,1,0,2,0
0,2016,3,25,1,0,3,0
0,2014,3,25,1,1,3,0
0,2012,3,27,1,0,5,0
0,2012,3,25,0,0,3,1
1,2015,3,27,0,0,5,0
0,2014,3,24,1,0,2,0
0,2015,2,27,0,0,5,1
0,2014,3,25,1,0,3,1
0,2015,3,25,1,0,3,0
0,2018,3,26,0,0,4,1
0,2017,2,26,0,0,4,1
0,2014,2,24,0,0,2,1
0,2013,3,27,1,0,5,0
0,2017,2,27,1,0,5,0
2,2012,3,28,0,0,1,0
1,2012,3,26,0,0,4,1
0,2014,3,27,1,0,5,0
0,2013,3,28,0,0,0,1
0,2014,3,26,1,0,4,0
0,2016,2,24,0,0,2,1
0,2015,1,24,0,0,2,1
0,2012,3,26,0,0,4,0
1,2014,3,27,1,0,5,0
1,2017,2,27,1,0,5,1
1,2017,1,25,0,0,3,0
1,2012,3,28,1,0,0,1
1,2012,3,28,1,0,2,1
1,2013,2,24,1,0,2,1
0,2015,3,25,0,0,3,1
1,2017,3,28,1,0,5,0
0,2013,3,24,1,0,2,0
1,2015,3,28,1,0,1,1
0,2018,3,27,0,1,5,1
0,2015,3,24,1,0,2,1
0,2014,3,26,1,0,4,0
0,2013,3,25,0,0,3,0
0,2013,3,26,1,0,4,0
0,2018,3,28,0,0,0,1
0,2013,3,25,0,0,3,0
2,2012,3,27,1,0,5,0
0,2013,3,24,1,0,2,0
0,2013,3,28,0,0,3,0
0,2015,3,24,1,0,2,0
0,2013,3,27,1,0,5,0
0,2012,3,27,1,0,5,0
0,2018,3,26,0,1,4,1
0,2013,3,26,1,0,4,0
0,2015,2,24,0,0,2,1
0,2016,3,24,1,0,2,0
2,2018,3,27,0,0,5,1
0,2015,3,26,1,0,4,0
0,2015,1,26,0,0,4,1
0,2015,2,24,0,0,2,1
0,2013,3,27,1,0,5,0
2,2016,3,24,0,0,2,0
0,2013,3,26,1,0,4,0
0,2015,3,28,1,0,5,0
0,2015,3,26,0,0,4,0
0,2016,3,27,0,0,5,0
0,2017,3,25,0,0,3,1
1,2017,2,26,1,0,4,1
0,2012,3,27,1,0,5,0
0,2014,3,26,0,0,4,1
0,2015,2,25,0,0,3,1
0,2013,3,26,1,0,4,0
0,2017,2,28,1,0,1,1
0,2014,3,25,1,0,3,0
0,2013,3,27,1,0,5,0
2,2013,3,26,1,0,4,0
0,2013,3,25,0,1,3,1
0,2017,1,28,0,0,3,0
0,2014,3,26,1,0,4,0
0,2015,3,27,1,0,5,0
1,2013,2,28,1,0,2,1
0,2013,3,25,0,1,3,1
1,2017,2,26,1,0,4,0
1,2016,3,25,1,0,3,0
0,2017,3,28,0,1,5,0
1,2017,2,28,0,0,2,0
0,2012,1,27,1,0,5,1
0,2018,3,27,1,0,5,1
0,2016,3,24,0,0,2,0
0,2017,3,26,1,0,4,0
0,2017,3,25,0,0,3,0
0,2015,3,28,0,1,5,1
0,2015,3,26,1,0,4,1
1,2015,2,26,0,1,4,1
1,2015,3,25,1,0,3,1
0,2016,3,27,0,0,5,1
0,2013,3,25,1,0,3,0
0,2018,3,26,1,1,4,1
0,2014,3,27,0,0,5,0
0,2017,1,25,1,0,3,0
0,2015,3,26,1,0,4,0
0,2015,3,24,0,0,2,1
0,2015,3,28,1,0,2,0
0,2014,2,26,0,0,4,1
0,2017,3,27,1,0,5,1
0,2014,3,26,1,0,4,0
0,2018,3,28,0,0,5,1
0,2015,3,28,1,0,0,1
0,2016,3,28,0,0,3,0
0,2017,3,25,1,0,3,0
0,2015,3,24,0,0,2,1
1,2018,3,28,1,0,2,1
0,2015,3,27,0,0,5,0
0,2017,3,24,1,0,2,1
0,2017,2,28,0,0,0,0
0,2015,3,25,1,0,3,0
0,2012,3,28,1,0,2,0
0,2013,3,26,1,0,4,0
0,2016,1,24,1,0,2,0
0,2016,3,27,1,0,5,0
0,2013,3,24,1,0,2,0
1,2017,2,26,0,0,4,1
0,2017,3,26,1,0,4,0
0,2018,3,25,0,0,3,1
0,2018,3,24,1,0,2,1
0,2015,3,24,1,1,2,0
0,2013,3,24,0,0,2,1
0,2013,2,28,1,1,0,1
0,2018,3,24,1,0,2,1
0,2014,3,24,1,0,2,0
0,2016,3,28,0,0,5,0
0,2014,3,25,1,0,3,0
0,2014,3,26,0,0,4,0
1,2017,2,28,1,0,2,0
0,2012,3,27,1,0,5,0
0,2016,3,27,0,0,5,0
1,2018,3,28,1,0,2,1
0,2017,3,24,1,0,2,0
0,2012,3,24,1,0,2,0
0,2016,3,28,1,0,0,0
0,2012,3,27,1,0,5,0
0,2014,3,27,1,0,5,0
0,2017,3,24,1,0,2,1
0,2012,1,27,1,0,5,0
0,2017,3,28,0,0,5,0
0,2014,3,25,1,0,3,0
0,2015,3,25,1,0,3,0
0,2017,2,28,1,0,0,1
0,2015,2,26,0,0,4,1
0,2015,2,27,0,0,5,1
0,2015,3,26,0,0,4,1
0,2015,2,28,0,0,3,1
0,2012,3,25,1,0,3,0
0,2013,3,25,1,1,3,1
0,2016,3,26,1,0,4,0
2,2018,3,24,0,0,2,1
0,2014,3,27,0,0,5,0
1,2017,2,26,1,1,4,1
0,2015,2,27,0,0,5,1
0,2014,3,24,1,0,2,0
1,2017,2,25,0,0,3,0
0,2017,3,28,0,0,2,0
0,2014,3,27,1,1,5,0
0,2012,3,24,1,0,2,0
0,2018,3,24,1,0,2,1
0,2015,3,27,0,1,5,1
0,2015,3,28,0,0,3,0
0,2015,3,27,0,0,5,1
0,2015,3,28,1,0,5,0
0,2015,2,27,0,1,5,1
0,2016,3,27,1,0,5,0
1,2017,3,27,0,0,5,1
0,2017,2,26,0,0,4,1
0,2015,3,27,0,0,5,1
0,2018,3,27,0,0,5,1
0,2012,3,25,1,0,3,0
0,2017,3,25,1,0,3,0
2,2013,3,27,0,0,5,1
0,2016,3,28,1,0,2,0
0,2012,3,25,0,1,3,0
0,2015,3,27,1,0,5,0
0,2016,2,24,0,0,2,1
0,2016,3,26,1,0,4,1
0,2014,3,27,1,1,5,0
0,2013,3,24,1,1,2,0
0,2017,3,25,1,0,3,1
0,2017,2,24,0,0,2,1
0,2013,3,27,1,0,5,0
1,2013,3,26,0,0,4,1
0,2012,3,25,0,0,3,1
0,2015,3,28,0,0,2,0
1,2017,2,24,0,0,2,0
1,2013,3,26,1,0,4,1
0,2014,3,26,1,0,4,0
2,2016,3,24,0,0,2,0
0,2017,3,26,1,0,4,0
0,2016,3,26,1,0,4,0
0,2014,3,27,1,0,5,0
0,2017,3,28,0,0,0,0
2,2016,3,27,0,0,5,0
1,2014,3,28,0,0,4,1
0,2014,3,28,0,0,2,0
0,2017,3,24,0,0,2,0
1,2015,3,28,1,0,0,0
0,2015,2,25,0,0,3,1
1,2017,2,27,1,0,5,1
0,2014,2,25,0,0,3,1
0,2015,2,28,0,1,2,1
0,2013,3,25,1,0,3,0
0,2013,1,26,0,0,4,1
0,2012,2,27,0,0,5,1
1,2017,3,28,1,0,0,0
0,2012,3,28,0,0,1,0
0,2015,2,25,0,1,3,1
0,2015,3,26,1,0,4,0
0,2015,3,24,0,0,2,0
0,2018,3,24,0,0,2,1
0,2017,3,27,0,1,5,0
2,2012,3,27,1,0,5,0
0,2012,3,26,1,0,4,0
0,2013,3,25,1,0,3,1
0,2015,3,24,0,0,2,0
0,2013,3,24,0,0,2,0
0,2016,3,24,1,0,2,0
0,2018,3,24,1,1,2,1
0,2015,3,27,0,1,5,1
0,2018,3,26,1,0,4,1
0,2012,3,24,0,0,2,1
1,2017,3,27,1,0,5,1
0,2012,3,26,1,0,4,0
0,2013,3,27,1,0,5,0
0,2015,3,25,0,0,3,0
0,2018,3,24,0,0,2,1
0,2014,3,28,1,0,4,0
0,2013,1,26,0,0,4,1
0,2015,3,27,1,0,5,0
0,2013,3,24,1,0,2,0
0,2016,3,26,1,0,4,1
0,2013,3,25,0,0,3,1
0,2016,3,27,1,1,5,0
0,2017,3,26,1,0,4,0
0,2018,2,28,0,0,5,1
1,2017,2,27,1,0,5,0
0,2013,3,25,0,0,3,0
0,2017,3,24,1,0,2,0
0,2017,2,25,0,0,3,0
0,2018,3,27,0,0,5,1
0,2016,3,27,1,0,5,0
0,2013,1,24,1,0,2,0
0,2012,1,28,1,0,3,0
0,2016,2,28,0,0,3,1
0,2016,3,24,1,0,2,0
0,2017,3,28,1,0,3,0
0,2017,2,28,1,0,3,0
0,2017,3,25,0,0,3,1
0,2015,3,25,1,0,3,0
1,2013,3,25,1,0,3,1
0,2017,3,24,1,0,2,0
0,2013,3,27,1,0,5,0
0,2013,2,24,0,0,2,1
0,2017,3,28,1,0,1,1
0,2012,3,25,1,0,3,0
0,2014,3,26,1,0,4,0
0,2015,1,24,0,0,2,1
1,2013,3,24,0,1,2,1
0,2014,3,25,1,0,3,0
0,2017,2,26,1,0,4,0
0,2014,3,25,1,0,3,0
1,2013,3,25,1,0,3,1
0,2014,3,24,1,0,2,0
0,2014,2,28,0,0,3,1
1,2015,3,28,1,0,2,0
0,2015,3,28,1,0,5,0
0,2017,3,24,1,0,2,0
0,2014,3,27,1,0,5,0
0,2015,2,28,0,0,5,1
1,2017,2,26,0,0,4,1
0,2016,3,26,0,0,4,0
0,2016,3,26,0,0,4,0
0,2013,3,27,0,0,5,0
0,2014,3,28,1,0,3,0
0,2017,3,25,1,0,3,0
0,2015,1,27,1,0,5,0
0,2013,3,26,1,0,4,0
0,2014,3,24,0,0,2,0
0,2014,2,26,1,0,4,0
0,2013,3,24,1,0,2,1
0,2012,3,25,1,0,3,0
0,2012,3,27,1,1,5,0
0,2012,3,28,1,0,1,0
1,2017,2,25,0,0,3,1
0,2014,3,25,1,0,3,0
0,2016,2,27,0,0,5,1
0,2017,3,28,1,0,3,0
1,2017,3,28,1,0,2,0
2,2018,3,26,1,0,4,1
1,2017,2,24,1,0,2,1
0,2014,3,28,1,0,0,0
1,2015,3,26,0,0,4,0
0,2016,3,27,1,0,5,1
0,2016,3,28,0,0,4,0
0,2012,3,26,1,0,4,0
1,2015,2,27,0,0,5,1
1,2017,1,28,1,0,0,0
1,2015,3,28,0,0,2,0
0,2017,3,26,1,0,4,1
0,2017,3,28,0,0,4,1
0,2015,3,25,1,0,3,0
1,2017,2,27,0,0,5,0
1,2015,2,27,0,0,5,0
0,2015,3,25,1,0,3,1
0,2013,3,28,0,0,1,0
0,2015,3,25,0,0,3,1
0,2012,3,28,0,0,2,1
0,2016,3,27,0,0,5,1
0,2016,3,26,1,0,4,0
2,2018,3,26,1,0,4,1
0,2017,3,27,1,0,5,0
0,2018,3,28,1,0,2,1
0,2013,3,24,1,0,2,0
0,2013,3,26,1,0,4,0
0,2013,3,28,1,1,1,0
1,2017,2,28,0,0,2,0
0,2016,1,24,1,0,2,0
0,2017,3,27,1,0,5,0
0,2014,2,27,0,0,5,1
0,2017,3,27,1,0,5,0
0,2017,3,27,1,0,5,0
1,2018,3,24,1,0,2,1
0,2016,3,26,1,0,4,1
0,2017,3,28,1,1,3,0
0,2017,3,26,0,0,4,0
0,2016,3,28,1,0,3,0
0,2015,3,26,1,0,4,0
0,2014,3,26,1,0,4,1
0,2017,2,24,0,0,2,1
0,2016,3,26,1,0,4,1
2,2016,1,26,1,0,4,0
0,2018,3,24,0,0,2,1
0,2017,2,28,0,0,1,0
0,2013,3,24,0,0,2,0
1,2014,3,25,0,0,3,0
0,2012,1,26,1,0,4,0
0,2014,3,28,1,0,5,0
0,2013,3,28,1,0,2,1
1,2017,2,27,1,0,5,0
0,2016,3,28,1,1,0,0
0,2014,3,25,1,0,3,0
0,2013,3,25,0,0,3,1
0,2017,3,24,0,0,2,1
0,2015,3,26,0,0,4,0
0,2014,3,28,1,0,4,0
0,2017,2,28,1,0,0,0
1,2017,3,24,0,0,2,0
2,2017,3,27,1,0,5,0
0,2015,3,28,0,0,5,0
0,2017,3,25,0,0,3,0
1,2017,3,25,1,0,3,0
1,2017,1,26,1,0,4,0
0,2014,3,25,1,0,3,1
0,2016,3,27,1,0,5,1
0,2013,3,24,1,0,2,0
0,2012,3,25,1,0,3,0
0,2014,3,25,1,0,3,1
0,2018,3,25,0,0,3,1
1,2012,3,26,1,0,4,1
2,2016,3,25,1,0,3,0
0,2015,3,25,1,0,3,0
0,2017,2,25,1,0,3,1
0,2015,3,27,0,0,5,0
0,2017,3,26,1,0,4,0
0,2016,3,26,1,0,4,0
0,2018,3,26,1,0,4,1
1,2018,3,25,0,0,3,1
1,2017,2,25,1,0,3,0
1,2014,3,24,0,0,2,0
0,2014,3,28,0,0,2,1
0,2012,3,26,1,0,4,0
0,2017,3,26,1,0,4,0
0,2014,2,28,0,0,0,1
0,2017,3,25,0,1,3,0
0,2014,3,25,1,0,3,0
0,2012,3,26,1,0,4,0
0,2014,3,26,1,0,4,0
0,2017,3,26,0,0,4,0
1,2017,2,26,1,0,4,1
0,2017,3,25,0,0,3,0
0,2018,3,25,1,0,3,1
0,2014,3,27,0,0,5,0
0,2017,3,28,1,0,5,0
0,2015,1,24,0,0,2,0
0,2013,3,27,1,0,5,1
0,2018,3,26,0,0,4,1
1,2017,2,28,0,0,2,0
0,2016,3,28,0,0,4,1
0,2016,3,25,1,0,3,0
0,2015,3,27,0,1,5,1
0,2015,3,26,1,0,4,1
0,2015,3,28,0,1,5,1
0,2013,3,27,1,0,5,0
1,2017,2,25,1,0,3,0
0,2015,2,25,0,1,3,1
0,2015,2,24,0,0,2,1
1,2017,2,28,0,0,2,0
0,2014,3,24,0,0,2,0
0,2012,3,27,1,0,5,1
0,2015,2,28,0,0,5,1
0,2015,2,27,0,0,5,1
0,2017,3,24,0,0,2,0
1,2016,3,25,0,0,3,0
0,2012,3,24,1,1,2,0
0,2015,3,24,0,0,2,0
0,2015,2,26,0,0,4,1
1,2017,2,27,0,0,5,0
0,2013,1,24,0,0,2,1
2,2017,3,28,1,0,1,0
0,2017,3,24,0,0,2,0
0,2015,2,24,0,0,2,1
0,2017,3,27,1,0,5,0
0,2016,3,28,1,0,4,0
1,2017,2,28,0,0,2,0
2,2014,3,24,1,0,2,0
0,2013,3,26,0,0,4,0
1,2014,3,24,1,0,2,0
0,2013,3,24,0,0,2,0
1,2017,3,26,1,0,4,1
0,2014,2,27,1,0,5,0
1,2013,3,25,1,0,3,1
1,2012,3,27,0,0,5,1
1,2017,2,25,1,0,3,0
0,2012,3,28,1,0,5,0
0,2014,3,28,1,0,0,0
0,2017,3,28,0,0,4,0
0,2016,3,27,1,0,5,1
0,2017,2,27,0,0,5,0
2,2014,3,28,0,0,0,0
0,2013,2,25,1,0,3,1
0,2017,3,28,1,0,3,0
0,2012,3,27,1,0,5,0
0,2013,2,24,0,0,2,1
1,2017,2,25,1,0,3,0
0,2014,3,24,1,0,2,0
0,2013,1,25,0,0,3,1
0,2015,3,28,1,0,2,0
1,2017,3,28,1,0,1,1
0,2017,2,27,0,0,5,0
0,2018,3,24,1,0,2,1
0,2013,3,26,1,0,4,0
0,2017,3,27,0,1,5,0
1,2017,1,26,0,0,4,1
1,2017,2,26,0,0,4,0
0,2013,3,26,1,0,4,0
1,2014,1,25,0,0,3,0
0,2014,3,27,1,0,5,0
0,2016,3,25,1,0,3,0
0,2016,3,27,1,0,5,0
0,2015,3,28,0,0,5,0
1,2012,3,25,1,0,3,1
0,2013,3,28,1,0,2,1
0,2014,1,25,1,0,3,0
0,2014,3,26,1,0,4,0
0,2013,3,28,1,0,0,0
0,2015,3,27,1,1,5,0
0,2014,1,28,0,0,3,1
1,2017,2,25,0,0,3,1
1,2013,3,28,0,0,2,0
1,2017,2,27,0,0,5,1
0,2015,3,27,1,0,5,0
0,2012,3,27,1,0,5,0
0,2014,3,26,1,0,4,0
0,2013,3,26,0,0,4,0
0,2012,3,27,1,0,5,0
0,2013,3,26,0,0,4,0
1,2017,2,28,0,0,3,0
0,2017,2,26,1,0,4,0
0,2013,2,27,0,0,5,1
1,2015,3,27,0,0,5,0
1,2017,3,27,0,0,5,1
0,2016,3,27,1,0,5,0
0,2012,3,27,1,0,5,0
0,2014,3,25,0,0,3,0
0,2016,3,26,0,0,4,0
0,2016,3,26,0,0,4,0
0,2014,3,26,1,0,4,0
0,2014,3,28,1,0,3,0
0,2012,3,25,1,0,3,0
1,2014,3,28,0,0,3,1
0,2016,3,26,1,0,4,0
0,2012,3,24,0,0,2,0
0,2015,2,28,0,0,4,1
0,2017,2,24,1,0,2,0
0,2015,3,25,1,0,3,0
0,2013,3,27,1,0,5,0
0,2015,3,27,1,0,5,0
0,2017,3,28,0,0,3,1
0,2017,3,24,0,0,2,0
1,2017,2,26,0,0,4,0
0,2016,3,25,1,1,3,1
0,2016,3,26,1,1,4,0
1,2017,2,24,0,0,2,0
0,2017,3,27,1,1,5,0
0,2014,2,27,0,0,5,1
1,2017,1,24,0,0,2,0
0,2014,3,28,1,0,1,0
0,2013,3,26,1,0,4,0
0,2014,3,28,1,0,0,0
1,2013,3,28,1,0,1,0
1,2017,2,27,0,0,5,0
0,2017,3,28,1,0,1,0
0,2016,3,26,0,0,4,0
2,2018,3,27,1,0,5,1
0,2014,3,26,1,0,4,0
0,2013,3,25,1,0,3,0
1,2017,3,25,1,0,3,0
0,2017,2,24,0,0,2,1
0,2017,3,24,0,0,2,0
2,2014,3,24,1,0,2,0
2,2017,3,24,0,0,2,0
1,2017,2,26,1,0,4,1
0,2013,2,24,1,1,2,1
2,2016,3,27,0,0,5,0
1,2017,2,25,0,1,3,1
0,2014,3,26,1,0,4,0
0,2017,3,25,0,0,3,0
0,2012,3,27,0,0,5,0
0,2016,3,26,1,1,4,0
0,2016,3,26,1,0,4,0
0,2015,2,27,0,1,5,1
0,2016,3,28,0,0,2,1
1,2017,2,27,0,0,5,1
0,2018,3,25,0,0,3,1
0,2014,3,27,1,1,5,0
0,2014,3,27,1,1,5,0
0,2015,3,25,0,0,3,0
1,2017,3,26,0,0,4,0
1,2018,3,25,1,0,3,1
0,2018,3,25,1,0,3,1
0,2014,3,28,1,0,1,0
0,2017,3,24,1,0,2,0
0,2013,3,28,0,0,3,0
0,2015,3,24,1,0,2,0
0,2012,3,26,1,0,4,0
0,2014,3,25,0,0,3,0
1,2017,1,26,1,0,4,0
0,2016,3,25,0,0,3,0
0,2013,2,26,1,1,4,0
0,2018,1,26,1,1,4,0
0,2017,3,24,1,0,2,0
0,2016,3,24,1,0,2,0
0,2014,3,24,0,0,2,0
2,2017,3,28,1,0,3,0
0,2017,2,24,0,0,2,1
0,2015,3,25,0,0,3,0
0,2015,3,26,1,0,4,0
1,2014,3,27,1,0,5,1
0,2012,3,24,0,0,2,1
0,2015,2,26,0,0,4,1
0,2013,3,24,0,0,2,0
0,2017,3,26,0,0,4,0
1,2017,3,26,1,0,4,0
0,2016,3,24,1,0,2,0
0,2015,3,28,1,0,2,0
0,2013,3,27,1,0,5,0
0,2012,3,24,1,1,2,0
1,2015,2,28,0,0,0,0
0,2017,3,26,1,1,4,0
0,2018,3,27,0,0,5,1
1,2017,3,27,1,0,5,1
0,2013,1,27,0,0,5,0
0,2016,3,27,0,0,5,0
0,2013,3,28,1,0,1,0
0,2017,3,28,1,0,2,0
0,2013,3,26,1,0,4,0
0,2015,3,25,0,0,3,0
0,2015,3,24,0,0,2,1
0,2014,3,28,1,0,1,0
0,2017,2,28,0,0,2,0
1,2015,3,26,1,0,4,1
2,2014,3,25,1,0,3,0
0,2013,3,25,1,0,3,0
0,2017,3,25,1,0,3,0
0,2013,2,24,0,0,2,1
0,2014,3,25,1,0,3,0
0,2017,3,25,0,0,3,0
1,2017,2,24,1,1,2,1
0,2015,3,28,0,0,2,0
0,2017,3,27,1,0,5,1
0,2015,3,26,1,0,4,0
0,2017,2,27,0,0,5,1
0,2016,3,24,1,0,2,0
0,2014,2,26,0,0,4,1
1,2017,2,25,0,0,3,0
0,2012,3,25,0,0,3,0
0,2014,3,27,1,0,5,0
0,2017,3,27,1,0,5,0
0,2018,3,25,0,0,3,1
0,2016,3,27,0,0,5,0
0,2017,3,24,1,0,2,0
0,2014,2,28,0,0,1,1
0,2017,2,28,0,0,2,1
0,2017,2,26,0,0,4,1
0,2013,2,27,0,0,5,1
0,2012,3,24,0,0,2,0
1,2017,2,27,0,0,5,0
0,2015,3,24,1,0,2,0
0,2013,3,28,0,1,2,0
0,2016,3,28,1,0,0,0
0,2016,3,26,1,0,4,0
0,2018,3,27,1,1,5,1
0,2015,3,25,1,0,3,0
0,2014,3,26,1,0,4,0
0,2018,3,24,1,1,2,1
0,2017,3,26,1,1,4,0
0,2016,3,26,1,0,4,0
0,2012,3,26,1,1,4,0
1,2017,2,27,1,0,5,0
0,2016,3,25,0,0,3,0
1,2013,3,25,1,0,3,0
1,2016,3,27,1,0,5,1
0,2014,3,28,0,0,1,0
0,2014,3,25,1,0,3,0
2,2013,2,25,1,0,3,1
0,2017,3,25,1,0,3,0
0,2015,3,24,1,0,2,0
1,2015,3,26,0,0,4,1
0,2013,3,25,0,0,3,0
0,2015,2,24,0,0,2,1
1,2015,2,27,0,0,5,1
0,2017,2,26,1,0,4,0
0,2013,3,25,1,0,3,0
2,2017,3,24,1,0,2,0
1,2015,3,27,1,0,5,1
0,2015,2,28,0,0,1,1
0,2014,3,28,1,0,2,1
0,2014,3,25,1,1,3,0
0,2013,3,26,1,0,4,0
1,2017,1,27,1,0,5,0
0,2018,3,27,1,0,5,1
0,2014,3,24,1,0,2,0
0,2013,3,28,1,0,0,0
0,2013,3,24,1,0,2,0
0,2012,3,28,0,0,1,1
0,2014,3,26,1,0,4,0
1,2017,2,28,1,0,3,0
0,2013,3,24,0,0,2,1
1,2017,2,24,1,0,2,1
0,2014,3,28,0,0,1,1
0,2018,3,25,1,0,3,1
1,2012,3,27,0,0,5,0
1,2014,3,26,1,0,4,0
0,2017,3,28,1,0,5,0
0,2017,3,28,0,0,1,0
0,2016,3,24,1,0,2,0
0,2016,3,24,1,1,2,0
1,2018,3,28,1,1,2,1
0,2014,3,25,1,0,3,0
1,2013,3,25,1,0,3,1
1,2017,3,28,0,0,0,1
2,2018,3,26,1,0,4,1
0,2017,1,24,1,0,2,0
0,2017,2,25,1,0,3,0
1,2015,2,28,0,0,0,0
0,2014,2,27,0,0,5,1
0,2014,3,25,1,0,3,0
0,2017,3,27,1,1,5,0
0,2017,3,28,1,0,2,0
0,2014,3,28,1,0,1,0
0,2014,3,28,0,0,3,0
0,2015,2,29,0,0,1,1
0,2012,3,29,1,0,1,0
0,2017,2,26,1,0,4,0
0,2015,3,28,0,0,2,1
0,2016,3,26,1,0,4,0
1,2017,3,26,0,0,4,0
0,2013,3,26,1,0,4,0
0,2017,3,28,1,0,1,0
0,2013,3,26,1,0,4,0
0,2015,3,28,0,1,2,1
0,2017,3,28,0,0,1,0
0,2016,3,27,0,1,5,0
0,2018,3,27,1,0,5,1
0,2014,3,29,1,1,2,0
0,2015,2,28,0,0,2,1
0,2017,3,26,0,0,4,1
1,2017,3,28,1,0,2,0
0,2017,3,26,1,0,4,0
0,2017,3,26,0,0,4,1
0,2018,3,26,0,1,4,1
0,2014,3,30,1,0,2,0
1,2017,3,29,1,0,2,1
1,2017,2,26,0,0,4,0
1,2015,3,28,0,0,2,0
0,2016,3,30,0,0,2,1
0,2012,3,26,0,0,4,1
0,2014,3,29,1,0,1,0
0,2012,3,26,1,0,4,0
0,2018,3,26,1,1,4,1
2,2018,2,29,0,0,1,1
1,2013,3,26,1,0,4,1
1,2015,3,30,0,0,2,0
0,2018,3,26,1,0,4,1
1,2013,2,29,0,0,2,1
0,2016,3,29,1,0,2,0
0,2013,3,28,1,1,1,0
0,2017,2,26,0,0,4,1
1,2017,2,30,0,0,2,0
0,2015,2,30,0,1,1,1
1,2017,2,29,0,0,2,1
0,2015,3,30,1,0,2,0
0,2015,3,27,0,0,5,1
0,2017,3,27,0,0,5,1
0,2014,3,30,1,0,2,0
0,2014,3,26,0,0,4,0
1,2013,3,26,1,0,4,0
0,2013,3,29,0,0,1,1
0,2018,3,27,0,0,5,1
0,2014,3,29,1,0,1,0
0,2017,3,26,0,0,4,1
1,2015,2,27,0,1,5,1
1,2017,2,29,0,0,2,0
1,2017,3,26,0,0,4,0
0,2015,3,28,1,0,2,0
0,2013,3,27,1,0,5,1
0,2014,3,28,0,0,2,0
0,2012,3,29,1,0,1,1
0,2016,3,28,0,0,2,0
1,2012,3,26,0,0,4,1
0,2014,3,26,1,0,4,0
0,2017,3,28,1,0,2,0
0,2012,2,27,0,0,5,1
0,2018,3,28,1,0,1,1
0,2015,2,26,0,0,4,1
2,2016,3,29,0,0,1,0
1,2018,3,30,0,0,2,1
0,2014,3,28,0,0,2,0
1,2017,2,30,1,0,2,0
0,2012,3,30,1,0,1,0
1,2017,2,30,1,0,2,0
0,2017,3,26,1,0,4,0
0,2017,3,28,0,0,2,0
1,2013,3,26,0,0,4,0
2,2015,1,29,1,0,2,0
1,2017,2,27,0,0,5,1
0,2016,3,30,1,0,1,0
0,2012,3,26,1,0,4,1
0,2014,2,29,0,0,2,1
0,2016,3,30,1,0,2,0
0,2013,3,27,0,0,5,0
2,2015,2,29,0,1,1,0
0,2012,3,27,1,0,5,0
0,2018,3,30,1,0,2,1
1,2017,2,29,0,0,2,0
1,2016,3,29,0,0,2,0
0,2017,3,27,0,0,5,1
0,2017,3,28,1,0,2,0
0,2017,3,27,0,0,5,0
0,2012,3,29,1,0,1,0
0,2017,3,26,1,0,4,0
0,2013,3,28,0,0,1,1
0,2013,2,29,0,0,1,1
0,2015,1,27,1,0,5,0
0,2016,3,30,1,0,1,0
0,2013,3,30,0,0,1,0
1,2017,2,27,1,0,5,1
1,2017,2,29,1,0,2,0
0,2016,3,29,0,0,1,0
0,2014,3,26,1,0,4,1
0,2014,3,26,1,0,4,0
0,2015,3,28,0,1,1,0
0,2013,2,28,0,0,1,1
0,2016,3,27,0,1,5,0
0,2017,3,26,1,0,4,1
0,2014,3,30,1,0,2,1
0,2015,2,30,1,0,2,1
0,2016,3,27,1,0,5,0
0,2015,3,26,0,0,4,1
0,2014,3,30,1,0,1,0
1,2017,2,26,1,0,4,1
0,2016,3,27,1,0,5,0
2,2017,3,28,1,0,1,0
0,2015,3,30,0,0,2,0
0,2016,3,29,1,0,2,0
0,2012,3,28,1,0,2,0
0,2014,1,30,1,1,2,1
0,2013,3,27,1,0,5,1
1,2017,2,30,1,0,2,0
0,2012,3,30,1,0,2,0
1,2017,2,26,1,0,4,0
0,2014,2,26,1,0,4,0
0,2013,3,29,0,0,1,1
0,2015,3,29,0,0,2,1
0,2013,3,28,0,0,1,0
1,2016,3,29,1,0,1,0
1,2016,3,26,0,0,4,0
0,2015,3,26,1,0,4,0
0,2016,3,26,1,0,4,0
1,2015,1,27,1,1,5,1
0,2012,3,28,1,0,1,1
1,2017,2,27,1,0,5,0
1,2015,2,29,0,0,2,0
0,2012,3,28,1,0,2,0
0,2012,2,28,1,0,2,1
0,2015,2,27,0,0,5,1
1,2017,2,29,0,0,1,0
0,2014,2,28,0,0,1,1
1,2012,1,29,0,0,1,0
0,2015,3,30,0,0,2,0
1,2017,2,26,1,1,4,1
0,2012,3,26,1,0,4,0
0,2013,1,30,1,0,1,0
1,2017,3,30,1,1,2,0
0,2015,2,27,0,1,5,1
0,2016,3,28,1,0,2,1
0,2017,2,26,0,0,4,1
1,2015,2,26,0,0,4,0
0,2015,2,26,0,0,4,1
2,2013,3,27,0,1,5,0
0,2014,3,27,1,0,5,1
0,2013,3,29,0,0,1,0
1,2017,3,29,1,0,2,0
0,2016,3,28,1,0,2,0
0,2013,3,26,1,0,4,0
0,2013,3,29,1,0,1,0
0,2016,3,29,1,0,2,0
1,2016,3,26,1,0,4,0
0,2015,3,30,0,0,1,1
0,2014,3,26,1,0,4,0
0,2013,3,27,0,0,5,0
0,2016,3,29,1,0,2,0
0,2016,3,29,1,0,1,0
1,2014,3,29,1,0,1,0
0,2014,3,27,1,0,5,0
0,2012,1,27,0,0,5,0
0,2015,3,26,0,0,4,0
0,2015,1,28,0,0,2,1
0,2015,2,28,0,0,1,1
0,2018,2,28,0,0,2,1
0,2015,3,28,0,1,1,1
0,2015,3,29,1,0,2,0
0,2013,3,27,1,0,5,0
0,2014,2,27,0,0,5,1
0,2014,3,27,1,0,5,1
0,2016,3,30,1,1,1,0
2,2015,3,28,1,0,2,1
0,2014,3,29,1,0,2,0
0,2015,3,29,1,0,1,0
0,2013,3,30,1,0,2,0
0,2013,3,28,1,1,1,0
0,2015,2,29,0,0,2,1
0,2017,3,30,1,0,1,0
0,2012,3,27,1,0,5,0
1,2017,2,27,1,0,5,0
0,2018,3,29,1,0,1,1
1,2012,1,30,0,0,2,1
1,2016,3,28,0,0,2,0
0,2016,3,26,1,0,4,0
0,2012,3,28,0,0,1,0
0,2018,3,27,1,0,5,1
0,2014,3,29,0,0,2,0
2,2017,3,27,1,0,5,0
0,2017,3,29,1,0,2,0
0,2014,3,28,1,0,2,0
0,2014,3,26,0,0,4,0
0,2012,3,28,1,0,2,0
1,2018,3,28,0,0,2,1
0,2017,3,28,0,0,1,0
0,2015,3,28,1,0,1,0
0,2014,3,29,0,0,1,0
1,2017,3,28,1,0,2,0
1,2017,3,29,1,0,1,0
0,2014,2,29,1,0,2,1
1,2013,3,26,1,0,4,1
0,2014,3,30,1,0,1,0
0,2013,3,26,0,0,4,0
0,2014,1,29,1,0,2,0
1,2016,3,29,1,0,2,0
2,2016,1,28,1,0,2,0
2,2015,3,29,1,0,2,0
0,2014,3,28,1,0,1,0
0,2015,2,26,0,1,4,1
0,2015,3,28,0,0,1,0
0,2015,3,28,1,1,2,0
0,2016,3,26,0,0,4,0
0,2014,3,29,1,0,1,1
0,2013,2,30,0,0,1,1
0,2015,3,29,1,1,1,0
0,2012,3,26,1,0,4,0
2,2017,3,29,1,0,1,0
1,2017,3,29,1,0,2,0
0,2015,2,30,0,1,1,1
0,2012,3,26,0,0,4,0
0,2013,3,30,1,0,1,0
0,2012,3,30,0,0,1,1
0,2015,3,26,0,0,4,0
0,2015,3,28,0,1,2,1
0,2014,3,29,1,0,1,0
0,2013,2,28,0,0,1,1
0,2016,3,28,0,0,1,0
1,2018,3,30,0,0,2,1
0,2018,3,29,1,1,1,1
0,2016,3,30,0,1,2,0
0,2015,3,26,1,0,4,0
1,2017,2,27,1,1,5,1
1,2017,2,26,0,0,4,1
1,2017,3,26,1,0,4,1
0,2017,2,30,0,0,2,1
0,2012,3,28,1,0,1,0
0,2014,3,28,1,0,2,0
2,2015,3,29,0,0,1,0
1,2015,3,26,1,0,4,1
0,2017,3,30,1,0,2,0
0,2014,3,28,0,0,1,0
0,2013,1,30,1,0,1,0
0,2016,3,27,0,0,5,1
0,2014,1,28,1,0,1,0
0,2015,3,30,1,0,1,0
0,2013,3,27,1,0,5,0
0,2017,2,27,1,0,5,0
1,2017,2,28,1,0,1,1
1,2017,2,27,1,0,5,1
1,2014,3,27,1,0,5,0
2,2014,2,27,0,0,5,0
0,2015,3,29,1,0,2,0
0,2012,3,27,1,0,5,0
0,2017,3,30,1,0,2,0
0,2014,1,27,0,0,5,0
0,2014,1,26,1,0,4,0
0,2012,3,29,1,1,2,0
0,2012,3,30,1,0,1,0
0,2015,3,27,0,0,5,0
1,2017,2,30,0,0,2,0
1,2018,3,29,1,0,2,1
0,2015,3,28,1,0,2,0
0,2013,3,26,0,0,4,0
1,2016,3,27,1,1,5,1
0,2014,1,26,0,0,4,1
0,2017,3,27,1,1,5,0
2,2013,3,30,1,0,1,0
1,2018,3,26,1,0,4,1
0,2012,3,26,1,0,4,0
0,2013,3,26,1,0,4,0
0,2015,3,26,0,0,4,0
0,2016,3,29,1,0,2,0
0,2018,3,29,0,1,2,1
0,2016,3,28,1,0,1,0
1,2012,3,30,1,0,1,0
0,2014,3,30,0,0,2,0
0,2013,3,27,1,0,5,1
0,2014,3,29,0,0,1,0
0,2013,3,28,1,0,2,0
0,2014,3,29,1,0,2,0
0,2012,1,30,0,0,2,0
0,2018,3,28,1,0,2,1
0,2012,3,30,0,1,2,0
1,2017,2,30,1,0,1,0
0,2014,3,27,0,0,5,0
1,2014,3,29,1,0,2,0
0,2016,3,29,1,0,2,0
0,2014,2,28,0,0,2,1
0,2017,3,26,1,0,4,0
0,2018,3,28,1,0,1,1
0,2016,3,29,1,0,1,0
0,2015,3,26,0,1,4,1
1,2017,3,27,1,0,5,1
1,2017,2,26,1,0,4,0
1,2013,3,26,0,0,4,1
0,2017,3,29,1,0,1,0
1,2013,3,27,0,0,5,0
0,2012,2,30,0,0,2,1
0,2013,3,26,1,0,4,0
0,2015,2,28,0,0,1,1
0,2013,3,27,1,0,5,0
0,2015,2,29,0,1,2,1
0,2012,1,27,0,0,5,0
0,2012,3,28,1,0,2,0
0,2015,3,26,1,0,4,0
0,2017,3,28,0,0,1,0
0,2013,3,27,1,0,5,0
1,2014,3,28,1,0,1,1
0,2015,3,29,1,0,1,0
0,2017,3,27,0,0,5,0
0,2012,3,27,1,1,5,0
1,2017,2,30,1,0,2,0
0,2015,3,28,0,0,2,0
1,2017,1,27,1,0,5,0
0,2015,3,27,1,0,5,0
0,2018,3,27,1,1,5,1
1,2017,2,30,1,0,1,0
0,2013,3,29,1,0,2,0
0,2013,3,29,1,0,2,0
0,2012,3,27,1,1,5,0
0,2015,3,30,0,0,1,1
0,2015,2,29,0,0,2,1
1,2018,3,26,1,0,4,1
1,2013,2,29,0,0,2,1
0,2014,1,28,1,0,2,1
0,2015,3,30,1,0,1,0
0,2015,2,27,0,0,5,1
0,2014,3,28,0,1,1,0
1,2015,3,27,1,0,5,0
1,2017,2,26,1,0,4,1
0,2018,3,28,1,0,1,1
0,2015,3,28,0,0,2,0
0,2013,3,27,1,0,5,0
0,2013,1,26,0,0,4,1
1,2017,2,30,1,1,2,0
0,2015,3,28,0,0,1,0
0,2013,3,27,1,1,5,0
0,2012,3,26,1,0,4,1
0,2018,3,28,1,0,2,1
1,2017,2,28,1,0,2,0
0,2015,3,29,1,0,2,0
0,2012,3,30,1,0,1,1
1,2016,3,30,1,0,1,0
0,2014,3,30,1,0,1,0
0,2018,3,26,1,0,4,1
1,2017,3,26,1,0,4,1
0,2012,3,27,0,0,5,0
0,2018,3,26,0,1,4,1
2,2014,3,27,1,0,5,0
1,2017,2,26,1,1,4,1
0,2013,3,30,0,0,1,1
0,2012,3,30,0,0,2,0
1,2018,3,26,1,1,4,1
0,2013,1,28,0,0,1,0
0,2017,3,30,1,0,1,0
1,2017,2,30,0,0,2,1
2,2016,3,27,1,0,5,0
0,2016,3,28,0,0,2,0
0,2015,2,29,0,0,1,1
0,2013,3,27,0,0,5,0
1,2014,3,27,1,0,5,0
1,2017,2,26,0,1,4,1
1,2017,2,30,0,0,1,0
1,2018,3,27,0,0,5,1
0,2017,2,29,1,0,1,0
1,2014,1,29,1,0,1,0
0,2015,2,30,0,0,2,1
0,2014,3,30,1,0,2,1
1,2018,1,30,0,0,2,0
0,2017,3,29,1,0,1,0
0,2016,3,28,1,0,2,0
0,2018,3,26,0,0,4,1
0,2014,1,28,0,0,2,0
1,2017,2,29,0,0,2,0
1,2013,3,26,1,0,4,1
0,2017,2,28,0,0,1,0
0,2016,3,30,0,0,1,0
2,2015,3,27,1,0,5,0
0,2016,3,29,1,0,2,0
0,2014,2,28,0,0,2,1
0,2016,3,26,1,0,4,0
1,2017,2,30,0,1,2,0
2,2013,3,30,0,0,2,0
0,2015,3,29,1,0,2,0
0,2017,3,28,1,0,2,0
0,2015,3,29,1,0,2,1
0,2015,1,26,0,0,4,1
0,2013,3,28,1,0,1,0
0,2015,2,29,0,0,2,1
0,2013,3,26,1,1,4,0
1,2014,3,30,1,0,2,0
1,2017,2,30,1,1,2,0
0,2017,3,27,1,0,5,0
0,2014,3,28,0,1,2,0
0,2014,3,27,0,0,5,0
0,2015,2,29,0,1,1,1
0,2013,3,26,1,0,4,0
0,2014,3,30,1,0,1,0
0,2013,2,26,1,0,4,0
0,2016,3,26,1,0,4,0
1,2017,2,28,0,0,2,0
1,2017,2,27,1,0,5,1
0,2017,2,29,0,0,1,1
1,2017,2,28,0,0,1,1
0,2017,2,26,1,0,4,0
0,2014,3,29,0,0,1,1
0,2012,3,28,1,0,1,0
0,2016,3,27,1,0,5,0
0,2012,3,28,0,0,1,0
1,2015,2,30,0,0,2,1
1,2017,2,28,1,0,2,0
1,2015,2,29,0,0,1,0
1,2015,3,26,1,0,4,1
0,2013,3,26,1,0,4,0
0,2017,3,29,0,0,1,0
0,2017,3,27,1,1,5,0
0,2014,3,29,0,0,2,0
0,2017,3,27,0,0,5,0
1,2017,2,28,0,0,2,0
1,2013,3,27,0,0,5,1
1,2017,3,27,1,1,5,1
0,2013,3,30,1,0,2,0
0,2015,2,27,0,1,5,1
0,2014,3,26,1,0,4,0
0,2015,2,27,0,0,5,1
0,2015,3,30,1,0,2,1
1,2017,2,27,1,0,5,0
0,2017,3,30,1,0,2,1
0,2016,2,30,0,0,2,1
1,2016,1,27,0,0,5,0
0,2012,3,26,1,0,4,0
0,2014,3,27,1,0,5,0
0,2015,3,29,0,0,2,1
0,2013,3,26,1,0,4,0
0,2015,2,29,0,0,2,1
0,2013,3,28,1,0,2,0
0,2013,2,27,1,0,5,1
1,2014,3,28,1,0,1,1
0,2016,3,27,0,0,5,1
0,2016,3,29,0,1,2,0
1,2018,1,26,0,0,4,1
0,2015,3,27,0,0,5,0
0,2013,2,27,0,0,5,1
0,2014,3,28,0,0,2,0
0,2014,3,27,1,0,5,0
0,2016,3,29,0,0,1,0
0,2012,3,29,0,0,1,0
0,2018,3,29,1,1,2,1
0,2012,3,30,1,0,1,0
0,2013,3,30,1,1,1,1
0,2014,3,27,1,0,5,0
0,2015,3,29,0,1,1,0
0,2014,3,30,0,0,1,0
0,2014,1,28,1,0,2,0
0,2015,3,27,0,0,5,0
0,2016,3,30,1,0,1,1
0,2016,3,26,0,0,4,1
0,2018,3,27,0,1,5,1
0,2015,3,26,1,0,4,0
1,2017,2,27,1,0,5,1
0,2015,3,26,1,0,4,0
0,2017,3,26,0,0,4,1
0,2012,1,27,1,0,5,0
0,2016,3,26,1,0,4,0
2,2017,3,28,0,0,1,0
0,2015,3,29,0,0,1,1
1,2014,3,30,1,1,2,0
0,2013,3,26,1,0,4,0
0,2012,3,27,1,0,5,0
0,2015,3,28,1,0,1,0
0,2013,3,26,1,0,4,0
0,2013,3,26,1,0,4,0
1,2012,3,30,1,0,2,0
2,2013,3,27,1,0,5,0
0,2012,3,27,1,0,5,0
0,2018,3,30,1,1,1,1
0,2012,3,26,0,0,4,0
1,2017,3,29,0,0,2,0
0,2014,3,29,1,0,2,0
0,2017,3,28,1,0,1,0
0,2015,2,26,0,0,4,1
0,2018,3,27,0,0,5,1
0,2014,1,28,1,0,1,0
0,2016,3,28,1,0,1,0
0,2014,3,26,1,0,4,0
0,2012,3,26,1,0,4,0
0,2015,3,28,1,0,2,0
0,2014,3,28,1,0,1,0
0,2016,3,27,1,0,5,0
2,2012,1,29,0,0,2,0
0,2013,3,30,0,0,2,1
0,2016,3,26,1,0,4,0
0,2014,3,28,1,0,1,0
1,2013,2,26,1,0,4,1
0,2017,3,27,1,0,5,0
0,2013,3,27,0,0,5,0
2,2015,3,28,1,0,2,0
1,2017,2,28,1,0,2,0
0,2014,3,28,1,0,4,0
0,2016,3,29,0,0,1,1
0,2017,3,26,0,0,4,1
0,2015,3,30,1,0,0,0
1,2012,3,30,1,0,2,0
0,2012,1,30,0,0,0,0
0,2014,3,27,0,0,5,0
0,2017,2,28,0,0,0,0
0,2012,3,26,1,0,4,0
0,2015,3,29,0,0,3,1
1,2017,2,30,1,0,0,1
0,2013,3,26,1,0,4,0
1,2014,3,30,1,0,0,1
0,2013,3,29,1,1,2,0
0,2017,3,28,1,0,3,0
1,2018,3,27,1,1,5,1
1,2017,2,26,0,1,4,1
0,2012,3,30,0,0,0,1
0,2012,3,29,0,0,4,0
0,2014,3,29,1,0,1,0
0,2016,3,27,1,0,5,0
0,2015,3,28,1,1,4,0
0,2014,3,26,1,0,4,0
0,2016,3,29,1,0,5,0
0,2014,3,29,1,0,0,0
1,2013,3,30,1,0,5,1
0,2017,3,30,0,1,3,0
0,2014,3,27,1,0,5,0
2,2015,2,30,0,0,4,0
1,2014,3,30,1,0,4,1
1,2017,2,27,1,0,5,1
0,2013,3,30,1,0,0,0
1,2017,2,30,1,0,0,0
1,2017,2,29,0,0,2,0
1,2017,2,29,1,0,2,0
0,2014,1,27,1,0,5,1
0,2012,3,27,0,0,5,0
0,2017,3,27,1,0,5,0
1,2018,3,30,0,0,4,1
0,2015,3,29,0,0,1,0
0,2014,3,26,0,0,4,1
1,2016,3,28,1,0,2,0
0,2015,3,28,0,0,4,0
0,2015,3,30,1,0,0,0
0,2014,3,28,0,0,3,0
0,2017,3,28,1,0,4,0
0,2013,3,26,1,0,4,0
0,2015,3,28,0,0,0,0
0,2015,2,28,0,0,2,1
1,2013,3,27,0,1,5,1
0,2016,3,27,1,0,5,1
0,2012,3,29,1,0,1,0
0,2015,2,28,0,0,0,1
0,2018,3,30,1,1,3,1
0,2016,3,29,1,0,5,0
1,2013,2,27,0,0,5,1
1,2017,2,30,1,0,2,0
0,2012,3,26,1,0,4,0
0,2016,3,30,1,0,2,1
0,2017,2,29,1,0,3,1
0,2017,2,28,1,0,3,0
0,2013,3,27,1,0,5,0
0,2013,3,29,1,1,4,0
0,2013,3,30,1,0,5,0
0,2015,3,26,1,0,4,0
0,2015,2,26,0,0,4,1
0,2012,3,29,1,1,2,1
1,2015,3,28,1,0,0,1
0,2014,3,29,0,0,2,0
1,2015,3,29,0,0,4,0
0,2013,3,27,1,0,5,0
0,2013,3,27,0,0,5,1
0,2017,3,30,1,0,1,1
1,2014,3,30,1,0,2,0
0,2015,3,28,0,0,4,0
0,2013,3,26,0,0,4,0
0,2014,3,28,1,0,5,0
0,2017,1,28,0,0,0,1
0,2016,3,27,1,1,5,0
0,2013,3,28,1,0,5,0
1,2013,3,30,1,0,2,1
1,2013,1,29,0,0,2,1
0,2017,3,26,1,0,4,0
0,2015,3,28,1,0,3,0
0,2013,3,29,1,0,2,0
1,2017,2,28,0,0,2,0
1,2017,2,30,0,0,2,0
2,2013,3,27,0,0,5,0
0,2016,3,26,1,0,4,0
0,2017,2,26,0,0,4,0
0,2016,3,28,0,0,1,1
0,2017,2,27,0,0,5,1
0,2012,3,27,0,0,5,0
0,2014,3,26,1,0,4,1
0,2016,3,27,1,1,5,0
0,2015,3,27,0,0,5,0
0,2015,3,29,1,0,1,0
0,2018,3,26,1,0,4,1
0,2012,3,26,0,0,4,0
0,2017,3,27,1,1,5,0
0,2015,3,30,0,0,0,1
0,2017,3,30,1,0,3,0
2,2012,3,29,1,0,5,0
0,2016,3,29,1,0,5,0
0,2014,3,26,0,1,4,0
2,2014,3,28,0,0,0,0
0,2018,3,28,1,0,1,1
0,2013,3,27,0,1,5,0
0,2013,3,28,1,0,2,0
0,2018,3,29,1,0,0,1
0,2016,3,29,1,0,3,0
0,2018,3,30,0,0,2,1
0,2013,3,26,1,0,4,0
0,2014,3,29,1,0,3,0
0,2013,3,30,1,0,4,0
1,2015,3,29,1,0,2,0
0,2018,3,27,1,0,5,1
0,2016,3,28,1,0,2,0
0,2015,3,29,1,0,1,0
0,2016,3,30,1,0,0,0
0,2016,3,28,0,0,1,0
0,2017,3,26,0,0,4,0
0,2014,2,29,0,0,1,1
2,2013,3,30,0,0,2,0
0,2016,3,28,1,1,3,0
0,2015,3,28,1,0,1,0
0,2016,3,28,1,0,5,0
0,2017,2,28,0,0,1,1
0,2015,3,30,1,0,4,0
1,2012,3,27,1,0,5,0
1,2017,3,29,0,1,2,0
0,2018,3,29,0,0,2,1
0,2018,3,29,1,0,0,1
0,2012,3,28,0,0,0,0
0,2015,2,28,0,0,0,1
1,2017,2,27,0,0,5,1
0,2018,3,28,0,0,5,1
0,2016,3,28,1,0,1,0
0,2014,1,26,1,0,4,1
0,2014,2,29,0,0,3,1
1,2014,3,26,1,0,4,1
0,2017,3,27,1,0,5,0
0,2013,3,30,1,0,4,1
0,2015,3,30,1,0,3,0
0,2012,3,29,1,0,2,1
0,2014,3,26,1,0,4,0
0,2013,3,26,0,0,4,0
1,2017,2,30,0,0,2,1
0,2012,3,29,1,0,0,0
0,2015,1,30,0,0,0,1
0,2017,3,28,1,0,3,0
0,2013,3,28,1,0,5,0
0,2017,2,30,0,0,4,1
0,2017,2,28,1,0,5,0
0,2014,3,27,0,0,5,1
0,2012,3,28,0,0,2,0
0,2013,3,29,0,0,5,0
0,2012,3,27,0,0,5,1
0,2017,2,28,0,0,3,1
0,2015,1,29,1,0,4,0
0,2013,2,30,1,0,0,1
2,2018,3,28,1,0,2,1
0,2015,3,28,0,0,3,1
0,2015,3,27,1,0,5,0
0,2015,3,30,0,0,3,1
0,2012,3,29,1,0,5,0
0,2012,3,27,0,0,5,0
0,2015,3,26,0,0,4,0
0,2016,3,27,1,0,5,0
0,2013,3,27,0,0,5,0
0,2013,3,28,1,0,0,0
0,2014,3,29,1,0,1,0
0,2017,2,27,1,0,5,0
0,2013,3,27,0,0,5,0
0,2017,3,30,1,0,5,0
0,2013,3,27,1,0,5,0
0,2012,3,30,0,1,3,0
0,2013,2,30,1,0,1,1
2,2015,3,27,0,0,5,0
0,2014,3,26,1,0,4,0
0,2015,2,27,0,1,5,1
1,2017,2,29,1,0,1,0
0,2013,3,28,0,0,3,0
1,2012,3,29,1,0,4,1
0,2014,3,28,0,0,3,0
0,2018,3,27,1,1,5,1
0,2012,3,29,1,0,1,0
0,2017,2,26,1,0,4,0
0,2014,3,30,1,0,2,1
0,2014,3,29,1,0,4,0
0,2015,2,26,0,0,4,1
0,2014,3,27,0,0,5,0
1,2013,2,26,1,0,4,1
0,2013,3,29,0,0,2,0
0,2016,2,30,0,0,4,1
0,2017,3,29,0,0,0,0
0,2018,3,28,1,0,3,1
0,2014,3,29,1,0,4,0
1,2017,2,30,0,0,2,0
0,2018,3,29,1,1,2,1
0,2017,2,28,0,0,1,0
0,2013,2,27,0,0,5,1
0,2015,3,30,1,0,4,0
0,2012,3,26,1,0,4,0
0,2016,3,26,1,0,4,0
1,2017,2,30,1,0,3,0
1,2017,2,29,1,0,4,0
0,2014,3,28,1,0,3,0
1,2017,3,27,1,0,5,1
0,2014,3,27,1,0,5,0
0,2017,3,27,1,0,5,0
0,2016,3,30,1,0,0,0
0,2015,3,29,0,0,0,0
0,2015,2,27,0,1,5,1
0,2013,3,26,0,0,4,0
0,2015,3,29,1,0,1,0
0,2017,3,30,1,0,4,0
2,2017,3,27,1,0,5,0
2,2013,3,27,1,0,5,0
0,2018,3,28,1,1,1,1
0,2013,3,29,1,0,1,0
1,2017,2,29,0,1,2,1
0,2015,3,27,1,0,5,0
0,2012,3,27,0,0,5,0
1,2018,3,26,1,0,4,1
0,2012,1,27,0,0,5,1
1,2017,2,27,1,1,5,1
0,2015,1,28,0,0,0,1
0,2014,3,29,1,0,4,1
0,2017,3,29,0,0,3,0
2,2015,2,26,0,0,4,0
0,2017,3,30,0,0,5,0
0,2016,3,26,1,0,4,0
1,2013,3,26,1,0,4,1
0,2012,2,29,0,0,2,1
0,2018,3,30,1,1,2,1
0,2016,3,27,1,0,5,0
0,2015,3,26,1,0,4,0
0,2018,2,28,0,0,3,1
0,2012,3,28,1,0,0,1
0,2014,3,27,1,0,5,0
0,2012,3,28,0,1,0,0
1,2014,3,28,1,0,2,0
0,2012,3,26,0,0,4,0
0,2015,3,27,1,0,5,0
0,2016,3,28,1,1,2,0
0,2018,3,29,1,1,3,1
0,2014,3,29,1,1,4,0
0,2015,3,29,1,0,1,0
1,2018,3,27,1,1,5,1
0,2014,3,28,1,0,5,0
1,2017,2,27,1,0,5,0
0,2017,2,27,1,0,5,0
0,2014,3,28,1,0,4,0
0,2017,2,26,1,0,4,0
0,2017,3,29,0,0,0,1
0,2012,3,26,0,0,4,0
0,2017,2,26,0,0,4,0
0,2017,2,26,0,0,4,1
0,2014,3,30,1,0,1,0
0,2018,3,29,1,0,2,1
1,2013,3,30,1,0,2,1
0,2016,3,27,0,0,5,0
0,2016,3,26,0,0,4,0
0,2017,1,30,1,0,1,0
0,2015,3,30,0,1,1,0
0,2013,3,30,1,0,0,0
0,2015,3,27,1,0,5,0
0,2017,3,30,0,0,1,1
2,2018,3,30,1,0,2,1
0,2018,3,29,1,1,1,1
0,2013,3,30,1,1,0,0
0,2017,3,27,1,0,5,1
0,2016,3,29,0,1,2,0
0,2013,3,28,1,0,5,0
0,2014,3,26,1,0,4,0
0,2015,2,30,0,0,1,1
1,2013,2,26,1,0,4,1
0,2016,3,26,1,0,4,0
1,2012,3,27,1,1,5,1
0,2017,3,27,0,0,5,0
0,2013,3,30,1,0,1,0
0,2014,3,27,1,0,5,0
1,2013,3,30,1,0,1,1
0,2016,3,29,1,0,2,1
0,2016,3,28,1,0,3,0
1,2017,3,29,0,0,2,0
0,2014,3,26,1,0,4,0
1,2018,3,30,1,0,2,1
1,2014,3,27,0,0,5,1
0,2017,3,29,1,0,0,0
1,2016,3,30,1,0,2,0
1,2017,3,30,1,0,3,1
0,2013,2,30,0,0,1,1
1,2014,3,28,0,0,3,0
0,2013,3,26,1,0,4,0
0,2017,1,30,1,0,2,0
0,2016,3,28,1,1,3,0
0,2013,1,30,0,1,1,1
0,2013,3,30,0,0,5,0
0,2016,3,27,1,0,5,0
0,2015,3,27,1,0,5,0
1,2012,3,26,0,0,4,0
0,2013,2,26,1,1,4,0
0,2018,3,27,1,0,5,1
2,2018,2,30,0,0,4,1
0,2017,3,29,1,0,3,0
0,2013,3,28,1,0,1,0
0,2012,3,28,1,1,2,0
1,2017,1,30,1,0,2,0
0,2017,2,26,0,0,4,0
1,2013,1,29,0,0,2,1
0,2012,3,29,1,0,5,0
0,2014,3,27,1,0,5,0
0,2015,3,29,1,0,4,0
0,2014,3,29,1,0,3,1
0,2018,3,28,1,0,0,1
0,2012,3,27,1,0,5,1
0,2017,2,26,1,0,4,0
0,2014,2,29,0,0,1,1
0,2017,3,29,1,0,4,0
0,2015,2,28,0,0,3,1
0,2017,3,28,1,0,5,0
0,2017,3,29,1,0,0,0
0,2017,3,30,1,0,2,0
0,2017,2,26,0,0,4,0
1,2017,2,30,0,0,2,0
0,2015,2,29,0,0,4,1
0,2014,3,29,0,0,1,1
0,2012,3,28,1,0,2,0
0,2012,3,28,0,0,4,0
0,2017,3,29,0,0,5,0
0,2015,3,30,1,1,3,0
1,2012,3,26,1,0,4,1
0,2018,3,28,1,0,5,1
0,2017,3,30,1,0,5,0
0,2012,3,27,0,0,5,0
0,2017,3,26,0,0,4,0
0,2014,3,27,1,1,5,0
0,2014,3,30,1,0,0,0
0,2014,3,30,0,0,2,0
0,2012,3,29,0,0,5,0
0,2014,3,26,1,0,4,0
0,2015,3,27,1,0,5,0
0,2017,2,29,0,0,4,1
1,2016,3,29,1,0,4,1
0,2017,3,26,1,0,4,0
1,2017,3,26,0,0,4,0
1,2012,3,29,1,0,2,0
0,2013,3,27,1,0,5,0
0,2012,3,26,1,0,4,0
0,2017,3,28,0,0,2,1
0,2013,3,30,0,0,3,1
1,2017,2,26,0,0,4,1
0,2013,3,26,0,0,4,0
1,2017,2,28,0,0,2,0
0,2017,2,27,1,0,5,0
2,2018,3,27,1,0,5,1
0,2013,3,30,0,0,1,0
1,2013,3,30,1,0,0,1
1,2018,3,26,0,0,4,1
1,2015,3,30,1,0,2,0
0,2012,3,29,1,0,4,0
0,2018,3,27,1,1,5,1
1,2017,2,28,1,0,5,0
0,2016,2,29,1,0,3,1
0,2015,2,27,0,1,5,1
0,2014,3,29,1,0,4,0
0,2014,3,27,1,0,5,0
0,2018,3,28,1,0,5,1
0,2012,3,28,0,0,0,0
1,2017,2,28,1,0,2,0
1,2015,2,27,0,0,5,0
0,2013,3,26,0,0,4,0
0,2014,3,29,0,0,4,1
1,2016,3,30,1,0,3,0
0,2014,1,26,0,0,4,1
0,2012,2,27,0,0,5,1
0,2017,3,30,1,0,0,0
0,2013,3,27,1,0,5,0
0,2017,2,30,1,0,4,0
0,2017,2,28,0,0,4,0
2,2016,3,30,0,0,5,0
0,2018,3,28,1,0,1,1
0,2017,2,29,1,0,3,0
0,2017,2,30,1,0,1,1
0,2015,3,27,1,0,5,0
0,2013,3,30,1,0,0,0
0,2018,3,26,1,1,4,1
0,2015,3,28,0,0,3,0
1,2017,2,26,0,1,4,1
0,2016,2,30,0,0,1,1
1,2014,3,28,1,0,0,0
0,2015,3,28,1,0,2,0
1,2015,2,30,0,0,1,0
1,2017,2,27,0,0,5,0
0,2014,3,26,1,0,4,0
0,2013,3,27,1,0,5,0
0,2016,3,30,1,0,1,1
1,2017,3,29,1,0,2,0
0,2012,3,30,0,0,1,0
0,2018,3,29,1,0,3,1
1,2018,3,29,1,0,2,1
0,2016,3,27,0,0,5,0
0,2017,2,28,1,0,2,0
0,2016,3,29,0,0,0,1
0,2016,1,29,0,0,1,0
0,2015,2,28,0,0,0,1
0,2012,3,29,1,1,2,0
2,2014,3,27,1,0,5,0
0,2013,3,27,1,1,5,0
0,2018,3,29,0,0,3,1
1,2017,2,30,1,0,2,0
1,2016,3,29,0,0,1,1
0,2012,3,26,1,0,4,0
0,2015,3,28,1,0,5,0
0,2017,2,29,0,0,5,0
0,2014,3,30,1,0,0,0
0,2017,3,30,1,0,0,0
0,2014,3,28,1,0,2,0
0,2013,3,28,0,0,1,0
0,2016,3,26,0,0,4,0
0,2012,3,28,0,0,0,0
0,2017,3,29,1,0,0,0
0,2018,3,27,1,0,5,1
1,2017,2,26,1,0,4,1
0,2017,3,26,0,0,4,0
0,2013,3,27,1,0,5,1
0,2014,3,26,1,0,4,0
0,2013,2,29,0,0,0,1
0,2013,2,28,0,0,4,1
0,2017,3,26,1,0,4,0
0,2015,2,28,0,0,0,1
0,2017,3,29,1,0,1,0
0,2013,3,29,0,0,3,0
0,2015,3,29,1,0,5,0
0,2017,3,30,0,0,3,0
0,2015,3,29,1,0,0,0
0,2013,3,27,0,1,5,0
0,2016,3,26,1,0,4,0
0,2014,3,27,1,0,5,1
0,2012,3,28,1,0,2,0
0,2017,3,27,1,0,5,0
0,2018,3,29,1,0,0,1
0,2017,1,29,0,0,5,0
0,2017,3,27,1,0,5,0
1,2017,2,27,1,0,5,1
1,2014,3,28,0,0,2,0
0,2012,3,27,0,0,5,1
0,2012,3,28,1,0,0,0
1,2017,2,27,1,0,5,0
0,2013,3,26,1,0,4,0
0,2013,3,27,0,0,5,1
0,2013,2,26,0,0,4,1
0,2012,2,27,0,0,5,1
0,2016,3,26,0,0,4,1
0,2017,2,27,1,0,5,0
0,2012,3,28,0,0,3,0
0,2015,3,26,1,0,4,0
1,2017,3,27,1,0,5,0
0,2013,2,30,0,0,5,1
0,2013,3,28,1,0,0,0
0,2012,3,26,1,0,4,0
0,2016,3,28,1,0,3,1
1,2015,3,26,1,0,4,1
0,2017,2,26,0,0,4,0
1,2017,2,26,1,0,4,1
0,2014,3,30,0,0,2,0
0,2014,3,29,0,0,2,0
0,2017,3,26,1,1,4,0
0,2013,3,28,1,0,0,0
0,2018,3,29,1,0,1,1
0,2016,3,30,0,0,3,0
0,2017,3,30,1,0,0,1
2,2015,3,29,1,0,4,0
0,2017,2,26,0,0,4,0
0,2013,3,26,0,0,4,0
0,2014,1,28,0,0,5,0
0,2014,3,30,1,0,0,0
1,2012,3,26,0,0,4,1
0,2013,2,26,0,0,4,1
0,2015,3,26,1,0,4,0
0,2016,3,29,0,0,0,0
0,2015,3,27,0,0,5,0
1,2018,3,28,0,0,2,1
2,2015,2,27,0,0,5,0
1,2013,1,30,1,0,1,0
0,2012,3,26,1,0,4,0
0,2015,2,26,0,1,4,1
0,2018,3,30,0,1,3,1
2,2013,3,30,1,0,5,0
0,2013,3,28,1,0,0,0
1,2014,3,26,1,1,4,1
0,2017,3,29,1,0,1,0
0,2013,3,26,1,0,4,0
0,2012,3,26,1,0,4,0
0,2014,3,26,1,0,4,0
0,2015,3,29,1,0,0,0
0,2014,1,26,1,0,4,0
0,2018,3,36,1,0,2,1
0,2018,3,37,1,0,4,1
0,2015,3,35,0,0,0,1
0,2013,2,32,0,0,4,1
0,2013,1,39,0,0,0,1
0,2018,3,32,1,0,1,1
2,2012,3,37,0,0,5,0
0,2012,3,31,1,0,4,0
0,2018,3,31,1,0,1,1
0,2017,3,33,1,0,2,0
1,2017,2,37,1,0,2,0
0,2014,3,31,1,1,1,0
1,2017,3,40,0,0,4,0
0,2017,2,32,1,0,0,0
0,2016,3,41,1,0,0,0
0,2018,3,35,0,1,5,1
0,2014,3,34,1,0,3,0
0,2017,3,31,1,0,0,0
1,2017,3,41,0,0,2,1
0,2015,3,41,1,0,5,0
0,2016,3,37,0,0,0,0
0,2018,3,32,0,0,3,1
0,2015,3,37,1,1,3,0
0,2016,3,32,1,0,1,0
1,2017,3,36,0,0,5,0
0,2014,3,36,1,0,3,0
0,2015,3,36,1,0,5,0
0,2017,3,41,1,1,3,0
0,2015,3,39,1,0,3,0
0,2013,3,37,1,0,0,0
0,2013,3,32,1,0,1,0
0,2012,3,36,1,0,2,0
0,2013,3,36,1,0,4,0
0,2014,3,36,1,0,1,0
0,2018,3,32,0,1,2,1
0,2018,3,34,1,0,3,1
0,2018,3,37,1,1,5,1
0,2018,3,40,1,1,3,1
0,2014,2,36,0,0,3,1
0,2017,2,38,0,0,0,0
1,2017,2,31,0,0,0,1
0,2013,3,41,0,0,4,0
1,2012,2,32,1,0,3,1
0,2017,2,41,0,0,3,0
0,2013,3,40,1,0,5,0
0,2014,3,38,0,0,2,1
1,2017,2,36,1,0,5,0
0,2013,3,33,0,0,1,0
0,2014,3,39,1,1,0,0
0,2013,3,39,1,0,0,0
0,2014,3,33,1,0,4,0
0,2017,3,32,1,0,5,0
0,2014,3,35,0,0,2,1
0,2014,3,36,1,0,5,0
0,2018,2,39,0,0,0,1
0,2013,3,37,0,0,5,0
1,2017,2,35,0,0,2,1
0,2017,3,36,1,0,5,0
1,2013,3,41,1,0,0,0
0,2017,3,33,1,0,2,0
0,2018,3,38,1,0,2,1
0,2015,3,34,1,0,5,0
0,2012,3,34,1,0,1,0
0,2015,3,35,1,1,5,0
0,2012,3,39,0,0,2,0
0,2012,3,41,1,0,3,0
0,2018,3,34,1,1,2,1
1,2015,2,35,0,0,1,0
0,2012,3,33,1,0,2,0
0,2015,3,39,1,0,3,0
1,2017,2,35,1,1,2,0
0,2017,2,31,0,0,0,0
0,2016,3,34,1,1,4,0
0,2013,3,40,0,1,5,0
0,2016,3,31,0,0,4,0
0,2016,3,33,1,0,3,0
0,2013,3,32,1,0,5,0
1,2017,2,31,1,0,4,1
0,2014,3,39,1,0,2,0
0,2016,3,33,1,0,1,1
0,2014,3,40,0,0,4,0
0,2016,3,39,1,0,0,1
0,2017,3,35,1,1,2,0
0,2017,3,32,1,0,1,0
0,2015,2,34,0,0,5,1
0,2017,3,40,0,0,4,0
1,2017,3,33,1,0,4,1
0,2015,2,36,0,0,0,1
1,2018,3,39,1,0,3,1
0,2012,3,37,0,0,5,1
0,2018,3,36,1,0,1,1
0,2017,2,39,1,0,2,0
0,2015,2,35,0,1,4,1
1,2018,3,41,1,0,2,1
0,2012,3,31,1,0,5,0
0,2015,2,36,0,1,0,1
0,2016,3,32,1,0,1,0
0,2017,3,37,1,0,2,1
0,2015,2,39,0,0,4,1
0,2012,3,34,1,0,2,0
0,2012,3,35,0,0,1,0
0,2015,3,40,0,0,2,0
0,2016,3,39,0,0,1,0
0,2017,3,39,0,0,1,0
0,2015,3,41,0,0,3,1
0,2012,3,40,1,0,2,0
0,2012,1,36,1,0,3,0
0,2017,2,33,0,0,2,0
1,2014,3,33,1,0,2,0
1,2018,3,40,1,0,2,1
0,2015,2,34,0,0,2,1
0,2014,3,33,0,0,1,0
1,2015,1,34,1,0,5,1
1,2017,1,40,1,0,5,0
0,2014,3,32,1,0,4,0
0,2017,3,38,1,0,2,0
0,2015,3,38,1,0,4,0
0,2015,3,32,1,0,2,0
0,2013,3,31,0,1,3,1
0,2015,3,39,0,0,0,0
1,2017,2,41,1,1,2,0
0,2015,2,35,0,1,2,1
0,2016,3,39,1,0,5,0
0,2014,3,40,0,0,0,0
0,2016,3,41,1,0,1,0
1,2015,2,34,0,0,1,0
0,2016,2,37,0,0,5,1
0,2017,2,36,1,0,2,0
0,2015,3,37,1,0,1,0
1,2015,1,40,0,0,1,0
0,2018,3,39,0,1,0,1
0,2017,2,36,0,0,5,0
0,2015,2,32,0,0,2,1
2,2015,3,31,0,0,1,0
0,2012,3,31,1,0,4,0
0,2013,3,36,0,0,5,0
0,2014,3,35,1,0,3,0
1,2013,2,33,0,0,2,1
0,2014,3,39,1,1,1,0
0,2015,3,35,0,0,1,1
0,2013,3,38,0,0,4,0
1,2017,3,39,0,0,4,1
0,2012,3,41,1,0,3,0
0,2014,2,35,1,0,2,1
0,2016,3,31,1,0,1,0
0,2017,2,32,0,0,4,1
0,2016,3,34,1,0,1,0
0,2014,3,34,1,1,3,0
1,2014,3,36,1,0,1,1
1,2017,2,41,1,0,4,0
1,2017,2,39,0,0,3,0
1,2017,2,38,1,0,5,0
0,2012,3,37,1,0,4,0
0,2015,3,38,1,0,3,1
0,2014,3,37,1,0,4,0
0,2017,3,34,1,0,5,0
0,2014,1,39,1,0,5,0
1,2017,2,38,0,0,2,1
1,2017,3,33,1,0,5,0
0,2012,3,33,0,0,5,0
0,2012,3,34,1,0,4,0
0,2016,2,32,0,0,0,1
0,2012,3,33,0,1,0,0
1,2013,3,37,1,0,2,0
1,2015,3,37,1,0,2,1
0,2013,3,37,1,0,2,0
0,2017,3,40,1,1,1,0
1,2016,3,32,1,0,1,0
0,2016,3,36,0,0,5,1
0,2014,3,36,1,0,4,0
0,2014,3,36,0,0,1,1
1,2017,3,31,1,0,1,1
0,2015,3,38,1,1,4,0
1,2017,3,38,1,0,2,0
0,2012,3,39,1,0,2,0
0,2014,1,37,1,0,5,0
0,2015,2,36,0,0,1,1
0,2013,3,35,1,0,2,1
0,2013,3,40,0,0,5,1
0,2014,3,40,1,0,5,0
0,2017,3,35,0,0,3,0
0,2012,3,41,0,0,5,0
0,2015,3,32,1,0,4,0
0,2013,3,41,1,0,2,0
0,2016,3,40,0,0,1,1
0,2017,3,40,1,0,3,0
0,2017,3,34,1,0,3,1
1,2017,2,36,1,1,2,0
0,2017,3,33,0,0,2,0
0,2014,3,41,1,0,2,0
0,2014,3,40,0,0,3,0
0,2016,3,31,1,0,1,1
1,2015,3,32,0,0,2,1
0,2017,3,34,0,0,1,1
0,2016,3,32,1,0,4,0
0,2013,3,32,0,0,4,0
0,2014,3,38,1,0,2,0
1,2017,3,32,1,0,1,1
0,2015,3,40,1,0,2,0
0,2017,1,38,0,0,1,1
0,2017,3,37,1,0,0,0
2,2014,3,31,1,0,1,0
0,2014,3,34,1,0,0,0
1,2017,2,34,0,0,2,1
0,2013,2,37,0,0,0,1
1,2017,2,31,1,0,1,0
0,2017,3,35,1,0,5,0
2,2015,3,34,0,0,4,0
0,2012,1,32,1,0,1,1
0,2017,3,31,1,1,0,0
0,2015,3,36,0,0,5,0
1,2017,3,38,0,0,2,0
0,2015,3,34,1,0,4,0
0,2013,1,39,0,0,1,1
2,2013,3,35,1,0,0,0
1,2015,2,33,1,0,4,1
1,2014,3,35,0,0,2,1
1,2015,3,40,1,0,2,0
0,2015,2,32,0,0,0,1
0,2013,3,38,1,0,1,0
0,2012,3,32,0,0,1,1
0,2018,3,36,1,0,3,1
0,2012,3,35,1,0,1,0
0,2013,3,37,0,0,0,0
0,2015,2,35,1,0,3,1
1,2017,2,37,0,0,1,0
1,2017,2,39,1,0,4,0
1,2014,3,40,1,0,4,1
0,2012,2,41,0,0,1,1
0,2018,3,41,1,1,0,1
1,2017,2,39,0,0,2,0
0,2012,3,38,0,0,5,0
0,2013,3,33,1,0,3,0
0,2014,3,36,0,0,3,0
0,2017,3,41,1,0,5,0
2,2012,3,40,0,0,5,0
0,2013,3,31,0,0,4,1
0,2012,3,33,0,0,1,0
0,2015,3,39,1,1,2,0
1,2014,2,33,0,0,5,0
0,2015,3,35,1,0,0,0
1,2012,3,38,1,0,2,0
0,2016,3,36,0,0,0,0
0,2014,2,36,0,0,2,1
0,2015,1,35,1,0,5,0
0,2017,2,34,0,0,5,1
0,2015,2,41,0,0,3,1
0,2016,3,32,0,0,3,1
0,2017,2,41,0,0,2,1
0,2016,3,36,1,0,0,0
0,2017,2,39,1,0,3,0
0,2015,3,38,1,1,2,0
0,2014,3,34,1,0,3,1
0,2012,3,39,0,0,5,0
0,2017,3,36,1,0,1,0
0,2014,3,35,1,0,1,0
1,2018,3,31,1,0,2,1
0,2012,3,41,0,0,4,0
0,2017,3,35,0,0,4,0
0,2015,1,40,1,0,2,0
0,2018,3,33,0,0,4,1
0,2016,3,37,0,0,0,0
2,2018,3,36,0,0,3,1
0,2012,3,40,1,0,0,0
0,2017,2,36,1,0,0,0
1,2015,3,38,0,0,0,0
0,2014,2,31,0,0,4,1
0,2016,3,40,1,0,4,0
0,2017,3,37,0,0,4,0
0,2015,3,38,0,0,0,0
1,2017,2,35,0,0,2,0
2,2018,3,35,0,0,0,1
0,2012,3,38,0,0,3,0
0,2012,3,31,0,0,5,0
1,2016,3,33,0,0,1,0
0,2013,2,32,0,0,1,1
0,2017,1,39,1,0,0,0
0,2018,3,35,0,0,2,1
0,2014,3,38,0,0,5,0
0,2015,3,32,1,0,0,0
0,2017,3,34,0,0,2,0
0,2017,3,41,1,0,1,0
1,2012,3,40,0,0,5,0
0,2012,2,32,1,0,1,1
0,2013,3,35,1,0,0,0
2,2013,1,36,0,0,3,0
0,2013,3,40,0,0,4,0
0,2018,2,35,0,0,2,1
1,2017,2,37,0,0,4,0
0,2017,3,34,1,0,3,0
0,2012,3,36,1,0,1,0
0,2015,3,37,1,0,4,0
0,2014,3,39,1,0,5,0
0,2017,2,39,0,0,0,0
1,2018,3,38,1,0,2,1
0,2013,3,37,0,0,1,0
0,2012,2,33,0,0,0,1
2,2014,3,38,0,0,3,0
1,2017,2,40,0,0,2,1
0,2012,3,41,1,0,5,0
0,2013,2,38,0,0,1,1
0,2012,3,37,1,0,4,0
0,2014,3,39,1,0,5,1
0,2018,3,35,1,0,1,1
1,2017,3,39,0,0,5,1
0,2015,2,31,0,0,1,1
0,2012,3,33,1,0,2,0
0,2017,3,33,1,0,2,0
0,2013,3,32,1,0,2,0
0,2015,2,40,0,0,4,1
0,2013,3,38,0,0,4,0
0,2016,3,34,1,1,2,0
0,2016,1,39,1,0,2,0
0,2012,3,38,1,0,2,0
1,2017,2,31,0,0,2,1
0,2017,3,35,0,0,5,0
0,2013,3,31,1,0,2,0
0,2012,3,33,1,0,1,0
0,2015,2,37,0,0,3,1
1,2018,3,40,0,0,2,1
0,2014,3,38,1,0,0,0
0,2012,3,31,1,1,5,0
2,2014,3,39,1,0,1,0
0,2016,3,40,1,0,0,0
0,2017,3,36,0,0,0,1
0,2015,3,39,0,0,3,1
0,2012,3,39,1,0,0,0
0,2013,3,35,0,0,0,0
1,2013,3,35,1,0,2,0
0,2013,3,35,1,0,5,0
1,2017,3,34,0,0,4,0
0,2014,3,41,1,0,4,0
0,2017,3,35,1,0,5,0
0,2013,3,40,1,0,1,0
1,2017,3,31,1,0,3,1
1,2014,3,33,1,0,3,0
0,2017,2,33,0,0,2,1
0,2016,3,39,0,0,5,0
0,2016,3,41,1,0,1,1
0,2017,3,32,1,0,5,0
0,2014,2,39,0,0,5,1
0,2014,3,31,1,0,1,0
0,2012,3,40,1,0,3,0
1,2018,3,34,1,0,2,1
0,2018,3,37,1,0,4,1
0,2016,3,37,0,0,0,0
0,2014,3,36,0,0,3,0
0,2015,2,39,0,0,0,1
0,2014,3,37,1,0,1,0
1,2014,3,37,1,0,2,0
1,2017,3,32,1,0,2,0
0,2014,3,37,1,0,3,0
0,2017,3,36,0,0,3,0
0,2015,2,40,0,0,2,1
0,2014,3,40,1,0,0,0
0,2012,3,32,1,0,3,0
0,2012,3,37,1,0,3,1
0,2017,3,40,0,0,1,1
0,2014,3,40,1,0,5,0
0,2017,3,34,0,1,0,0
0,2012,3,37,1,0,3,0
0,2017,3,35,1,0,3,0
0,2017,3,37,0,0,2,0
0,2012,3,35,0,0,2,0
0,2014,3,31,1,0,0,1
0,2016,3,41,1,0,4,0
1,2017,3,37,0,0,3,0
0,2018,3,40,1,0,0,1
0,2018,1,36,1,1,1,0
2,2018,3,37,0,0,2,1
0,2014,3,40,0,0,0,0
0,2017,3,34,1,0,3,0
0,2018,3,37,1,0,5,1
0,2016,3,38,1,0,0,0
0,2017,2,37,1,0,2,1
0,2016,3,32,1,0,1,1
0,2016,3,31,1,0,3,0
0,2013,1,40,1,0,2,0
0,2017,3,40,0,0,4,0
0,2015,3,31,1,0,1,0
1,2017,2,36,1,0,2,0
0,2017,3,38,1,1,2,0
0,2014,3,37,0,0,5,1
0,2014,3,34,0,0,2,1
0,2013,3,41,1,1,2,1
0,2015,2,32,0,0,3,1
0,2015,3,34,1,0,5,0
2,2013,3,39,1,0,2,1
1,2013,2,32,1,0,2,1
0,2012,3,31,0,0,3,0
2,2016,3,40,1,0,1,0
0,2015,3,37,0,0,0,0
1,2017,3,40,0,0,0,0
0,2013,3,31,1,0,1,0
0,2017,3,32,1,0,2,0
0,2017,3,34,0,1,1,0
1,2013,2,41,1,0,2,1
1,2015,3,37,1,0,2,0
0,2015,3,40,0,0,1,0
1,2017,2,35,1,0,2,0
0,2012,3,39,1,0,3,0
0,2017,3,41,1,0,4,0
0,2015,3,36,1,0,4,0
0,2014,3,32,1,0,5,0
0,2013,3,41,1,0,2,0
0,2013,3,32,1,0,0,0
0,2017,3,36,1,0,2,0
0,2013,3,40,1,0,4,0
0,2018,3,32,1,1,1,1
0,2016,3,38,1,0,1,0
0,2018,3,41,1,0,4,1
1,2017,2,35,1,0,3,1
0,2016,3,36,0,0,1,0
0,2014,3,35,0,0,4,0
0,2016,3,31,1,0,2,0
2,2015,3,37,1,0,2,0
0,2013,3,41,0,0,4,0
0,2013,3,31,1,0,0,0
0,2017,2,36,1,0,2,0
0,2015,3,32,1,0,1,0
0,2017,3,34,1,0,0,0
0,2015,3,39,0,0,0,0
0,2014,3,33,1,0,1,1
0,2017,2,36,1,0,3,0
0,2016,1,34,1,1,2,1
0,2017,2,33,1,0,1,0
0,2012,3,38,0,0,4,1
0,2013,3,35,1,0,3,1
0,2017,3,31,1,0,1,0
0,2013,3,37,1,0,2,0
0,2012,3,32,0,0,2,1
0,2013,3,34,1,1,5,0
2,2013,2,41,1,0,2,1
1,2015,3,32,1,0,0,1
0,2013,3,39,1,0,2,0
0,2012,3,31,1,1,0,1
0,2017,2,41,1,0,1,0
0,2016,3,36,1,0,2,0
0,2017,2,38,0,0,5,1
0,2012,3,32,1,0,5,0
0,2018,3,35,0,0,3,1
0,2017,3,39,1,0,2,0
1,2017,2,36,1,1,2,0
0,2013,3,33,1,0,4,0
0,2013,3,32,1,1,5,0
0,2017,3,35,1,0,1,1
0,2015,3,36,1,0,1,0
1,2014,3,39,1,0,4,0
0,2016,3,40,1,0,0,1
0,2012,3,37,1,0,3,0
1,2015,1,38,0,0,0,0
0,2017,3,40,1,0,1,0
0,2013,3,34,0,0,2,0
0,2013,3,31,1,1,4,0
0,2014,3,40,0,0,3,1
0,2013,3,37,1,0,2,0
0,2012,3,33,1,0,3,0
0,2015,3,36,1,1,4,0
0,2014,3,35,0,0,4,0
0,2014,3,34,1,0,5,0
0,2013,3,35,1,0,0,1
1,2014,3,39,1,0,2,0
0,2015,3,35,0,0,1,1
1,2014,3,34,1,0,5,0
0,2017,2,32,0,0,2,1
0,2015,3,32,0,0,2,0
0,2014,3,33,1,0,5,1
1,2017,2,34,1,0,2,1
1,2016,3,35,0,0,1,1
1,2017,3,35,1,1,2,0
0,2014,2,38,0,0,3,1
0,2016,3,37,1,0,0,0
0,2013,3,38,0,0,4,0
0,2015,3,41,1,0,0,0
1,2017,3,40,1,0,4,1
0,2017,3,39,0,0,3,0
0,2017,2,32,1,0,2,0
0,2018,3,40,1,1,4,1
0,2016,3,40,1,0,0,0
0,2016,3,41,0,0,1,1
0,2015,3,38,1,1,4,0
1,2017,1,38,1,0,0,1
0,2018,3,41,0,0,2,1
0,2015,2,33,0,0,4,1
0,2012,3,41,1,1,0,0
0,2017,2,35,0,0,5,0
0,2013,3,36,1,0,5,0
0,2013,3,37,1,0,1,0
0,2013,1,37,0,0,1,0
0,2014,3,39,1,0,5,0
0,2017,3,38,0,0,2,0
0,2013,2,34,0,0,1,1
0,2017,2,33,0,0,4,1
0,2013,3,32,0,0,1,0
1,2014,3,38,0,0,4,1
0,2017,3,32,1,0,5,0
1,2016,3,41,1,0,5,1
1,2014,3,36,0,0,2,0
0,2017,3,34,0,0,2,1
0,2017,3,34,1,1,0,0
0,2016,3,35,1,0,4,0
1,2015,3,38,1,0,1,0
0,2016,3,32,1,1,5,0
0,2015,3,37,0,0,2,1
0,2017,2,32,0,0,2,1
1,2017,2,36,1,0,3,0
0,2012,3,41,1,0,3,0
0,2017,3,37,0,0,5,0
0,2018,3,34,0,0,3,1
0,2016,3,31,1,0,0,1
0,2017,3,41,1,0,1,0
0,2015,3,35,0,0,3,0
0,2015,3,37,0,0,5,0
0,2016,3,34,1,0,4,0
1,2017,2,40,0,1,2,0
0,2015,3,39,1,0,5,1
0,2013,3,37,1,0,2,0
0,2015,2,36,0,1,1,1
0,2014,3,35,0,0,2,0
1,2013,3,37,0,0,3,1
0,2013,3,41,0,0,1,0
1,2017,2,40,1,0,2,0
0,2016,3,37,1,0,2,0
1,2013,3,40,0,0,2,1
0,2015,3,39,1,0,5,0
1,2015,2,33,0,0,4,0
0,2012,3,36,1,0,1,1
0,2012,3,36,1,0,5,0
0,2015,3,38,1,0,3,0
0,2017,2,37,0,0,5,0
1,2017,3,34,0,0,2,0
0,2013,3,31,1,0,2,1
0,2013,3,38,1,0,5,0
0,2017,3,36,1,0,3,0
0,2012,3,40,1,0,1,0
0,2017,3,41,1,0,5,1
0,2015,3,31,0,0,4,0
0,2017,3,41,1,0,2,0
0,2015,3,31,0,0,3,0
0,2017,3,31,0,0,0,1
0,2017,2,37,1,0,0,0
0,2012,3,39,1,0,0,0
0,2014,3,38,1,0,3,0
0,2013,3,40,0,0,2,1
0,2013,3,36,1,0,1,0
0,2016,3,41,1,0,3,0
0,2018,3,32,0,0,2,1
1,2018,3,40,0,0,3,1
0,2012,3,39,0,0,2,0
0,2014,3,33,1,0,3,0
0,2012,3,32,1,0,4,0
0,2018,3,41,1,0,5,1
0,2016,3,36,1,0,2,0
0,2016,3,31,1,0,0,0
0,2014,3,37,1,0,4,0
0,2014,3,33,1,0,5,1
1,2018,3,31,1,0,2,1
0,2017,3,35,0,0,5,0
0,2015,1,32,0,0,5,1
1,2017,3,41,0,0,2,0
1,2017,2,36,0,0,1,0
1,2017,3,35,1,0,1,0
1,2017,3,35,1,0,1,1
0,2015,3,33,1,0,1,0
0,2014,3,38,0,0,4,0
0,2015,2,33,0,0,3,1
1,2018,3,31,0,1,2,1
2,2015,3,31,1,0,3,0
0,2013,3,37,1,0,5,0
0,2014,3,32,1,0,1,0
0,2017,3,33,1,0,3,0
0,2014,3,37,1,0,5,0
0,2012,3,32,1,0,3,0
0,2015,3,40,0,1,2,1
0,2014,1,40,0,0,1,1
1,2013,2,32,1,0,2,1
1,2017,2,39,0,0,2,1
2,2016,3,41,1,0,1,0
2,2014,3,32,0,0,0,0
0,2017,3,38,1,0,0,1
1,2017,2,31,0,1,2,0
0,2018,3,38,1,1,3,1
0,2016,3,32,1,0,4,0
0,2017,2,35,0,0,5,1
0,2013,3,34,1,0,5,0
0,2018,3,38,1,1,1,1
0,2014,1,36,0,0,1,1
0,2015,3,34,0,1,2,0
1,2015,3,39,0,0,2,0
1,2017,1,40,0,0,0,0
0,2016,3,38,1,1,1,0
0,2015,3,35,1,0,3,0
0,2014,2,31,1,0,3,1
0,2017,3,41,1,0,2,0
0,2017,3,35,0,0,3,0
0,2018,3,33,1,0,5,1
0,2017,2,33,1,0,5,0
0,2016,3,31,0,1,4,0
1,2013,3,35,1,0,4,0
0,2016,3,37,0,0,1,0
0,2015,3,31,1,0,5,0
0,2012,3,35,1,0,1,1
0,2014,3,32,1,0,3,0
0,2015,3,32,0,0,0,0
0,2017,3,40,0,0,5,0
0,2012,3,34,1,0,5,0
0,2014,3,37,1,0,4,0
2,2015,3,40,1,0,3,0
1,2017,2,34,0,0,2,1
0,2015,2,32,0,0,3,1
0,2013,3,33,1,0,1,0
0,2015,3,38,1,0,3,1
1,2017,2,41,1,0,3,1
1,2017,1,36,0,0,0,0
0,2016,3,33,1,0,1,0
0,2014,3,31,1,0,5,0
0,2013,2,34,0,0,3,1
0,2017,3,31,1,0,1,0
0,2016,2,36,0,0,4,1
0,2013,3,38,1,0,5,0
0,2015,2,39,0,1,1,1
0,2014,3,31,1,0,3,0
0,2015,3,40,1,0,3,1
0,2013,3,39,1,0,0,0
0,2015,3,32,0,0,4,0
0,2014,3,34,1,0,1,0
1,2015,3,38,1,0,1,0
0,2014,1,39,1,0,2,0
0,2014,3,39,1,0,5,0
0,2016,3,33,1,0,1,0
0,2018,2,34,0,0,4,1
0,2017,3,38,1,1,1,0
1,2017,2,33,1,0,2,0
0,2014,3,41,1,0,5,0
1,2017,1,39,1,0,0,0
1,2013,3,39,1,0,2,0
0,2014,3,41,1,0,5,0
0,2012,3,40,1,0,4,0
0,2014,3,36,1,0,0,0
0,2015,3,34,1,0,0,0
0,2013,3,32,1,0,5,1
0,2015,3,31,1,0,4,0
0,2012,3,36,1,1,0,0
1,2017,2,35,1,0,1,1
0,2017,3,32,1,0,2,0
0,2017,3,33,1,1,5,0
0,2016,3,34,1,0,2,0
0,2017,3,39,1,0,3,0
0,2018,3,38,1,0,0,1
0,2012,2,35,0,0,1,1
0,2015,2,40,0,1,5,1
0,2017,3,41,1,0,3,0
0,2016,1,33,0,1,3,0
1,2017,1,40,1,0,0,0
0,2018,3,33,0,0,3,1
0,2015,3,38,1,0,1,1
1,2017,2,32,1,0,2,0
0,2014,3,32,1,1,2,0
0,2015,3,32,0,0,2,0
0,2016,2,37,0,0,2,1
0,2015,3,40,1,0,5,0
0,2016,3,38,1,0,1,0
2,2018,3,33,0,0,4,1
1,2017,2,40,1,0,4,0
1,2017,2,35,1,0,2,0
0,2016,3,33,1,0,3,0
0,2017,3,37,1,0,4,0
0,2013,3,38,1,0,0,0
0,2018,3,32,1,0,2,1
0,2017,3,40,0,0,2,0
0,2015,3,33,0,0,2,0
0,2016,3,38,1,0,2,1
0,2013,3,34,1,0,5,0
0,2017,3,38,0,0,4,0
0,2018,2,31,0,0,3,1
0,2014,3,32,0,0,4,0
0,2013,3,35,1,1,1,0
0,2014,3,35,1,0,0,1
0,2012,3,33,0,0,4,0
0,2012,3,41,0,0,0,0
0,2015,1,31,0,0,3,1
0,2016,3,34,1,0,3,0
1,2017,2,40,0,0,2,0
1,2016,3,32,1,0,1,1
0,2012,3,36,1,0,5,0
0,2014,2,40,0,0,3,1
0,2012,3,31,1,0,3,0
0,2014,1,34,0,0,5,0
1,2013,3,41,0,1,2,1
1,2017,2,32,1,0,2,0
0,2016,3,41,1,0,2,0
1,2014,3,33,1,0,3,0
0,2013,3,33,0,0,0,1
0,2013,3,39,0,0,2,0
1,2018,3,40,1,0,2,1
0,2017,3,34,1,0,3,0
0,2016,3,41,1,1,5,0
0,2015,3,37,1,0,5,1
1,2017,3,32,0,0,4,1
0,2017,3,41,1,0,3,0
0,2018,3,34,0,1,2,1
1,2017,3,38,1,0,5,1
0,2017,3,40,0,0,3,0
1,2017,3,35,1,0,2,0
0,2015,3,31,1,0,1,0
0,2016,3,39,1,0,4,0
0,2018,3,39,1,0,1,1
0,2018,3,32,1,0,3,1
0,2015,3,38,1,0,5,0
0,2015,3,35,1,0,3,0
0,2013,1,38,1,0,4,0
0,2012,3,32,1,0,1,1
0,2014,2,37,0,0,5,1
0,2015,3,35,1,0,0,0
0,2017,3,41,0,0,4,1
1,2015,3,36,1,0,0,0
0,2017,3,35,1,0,2,0
1,2017,2,36,1,0,2,1
1,2017,1,34,1,0,1,0
0,2015,3,36,1,0,3,0
0,2017,2,33,1,0,3,0
1,2018,3,38,1,0,2,1
2,2013,3,35,0,1,3,1
0,2015,2,37,0,0,3,1
0,2017,3,31,1,0,0,0
0,2017,2,40,0,0,2,1
0,2015,3,32,0,0,3,1
0,2015,3,35,1,1,2,0
0,2012,3,38,1,1,0,0
0,2015,2,36,0,0,0,1
1,2015,3,36,1,0,3,0
1,2014,3,32,0,0,5,0
0,2018,2,37,0,0,0,1
0,2018,3,35,0,0,0,1
0,2015,1,36,0,0,4,1
0,2015,2,34,0,0,5,1
1,2017,2,35,0,0,0,0
1,2017,2,38,0,0,5,0
0,2015,2,39,0,0,5,1
0,2012,2,32,0,0,5,1
0,2015,3,39,1,0,2,0
0,2015,3,39,1,0,2,1
1,2017,2,37,1,0,2,0
0,2015,3,32,0,0,5,0
0,2017,2,38,1,0,0,0
0,2012,2,36,0,0,5,1
1,2016,1,37,1,0,2,1
0,2017,3,32,1,0,4,0
1,2017,3,37,1,0,2,0
0,2016,3,33,1,0,2,0
0,2016,3,39,1,0,4,0
0,2012,3,35,1,0,1,1
1,2015,3,39,1,0,5,0
0,2015,3,34,1,0,0,0
1,2017,2,33,1,0,4,0
0,2012,3,33,1,0,1,0
0,2015,3,31,1,0,0,0
2,2016,3,31,0,0,4,0
0,2015,3,37,0,0,4,0
0,2012,3,33,1,0,0,0
0,2017,3,31,1,0,0,0
0,2017,3,41,0,0,2,0
1,2017,2,39,1,0,2,0
1,2013,3,32,1,0,2,0
0,2016,3,37,1,0,3,0
0,2014,3,37,1,0,1,0
0,2017,2,34,0,0,3,1
0,2017,2,31,1,0,2,0
0,2014,2,34,0,1,1,1
0,2012,3,38,0,0,5,0
0,2013,3,37,0,0,1,0
0,2015,1,34,0,0,3,1
0,2015,3,33,1,0,2,0
0,2016,3,37,1,0,4,0
0,2016,3,41,1,0,4,0
0,2012,1,38,0,0,1,0
0,2016,3,40,1,0,5,0
0,2017,3,33,0,0,1,1
0,2016,3,33,1,0,1,0
1,2013,3,37,1,1,2,0
0,2017,2,36,0,0,2,0
0,2012,3,36,0,0,5,0
0,2015,3,41,1,0,1,0
1,2014,3,40,1,0,5,0
0,2016,3,36,0,0,0,0
1,2017,2,41,1,1,2,1
0,2015,3,33,1,0,5,0
1,2017,2,37,0,0,2,0
0,2017,2,33,1,0,0,0
0,2014,3,40,0,0,4,0
1,2018,3,36,1,0,2,1
0,2018,3,40,1,1,3,1
1,2018,3,40,1,0,2,1
0,2014,3,34,1,0,3,0
0,2012,3,39,1,0,5,0
0,2017,2,33,1,0,1,1
0,2016,3,37,1,0,2,0
0,2012,3,40,1,0,3,0
0,2018,3,38,1,0,1,1
0,2016,3,40,1,1,1,0
0,2014,3,38,0,0,0,0
0,2016,3,34,1,1,1,0
1,2016,3,37,0,0,3,1
0,2015,3,40,1,0,5,0
0,2015,3,40,0,0,1,0
1,2016,3,37,1,0,2,1
0,2016,2,37,0,0,3,1
0,2013,3,32,1,0,1,0
1,2017,1,35,1,0,5,0
0,2016,1,38,1,0,3,0
0,2017,3,34,0,0,1,0
0,2014,3,32,1,0,2,1
0,2013,3,37,1,0,5,0
0,2017,2,37,1,0,4,0
0,2014,3,35,1,0,2,0
0,2016,3,40,1,0,0,0
0,2012,3,40,1,1,2,0
0,2015,3,39,0,0,3,1
1,2013,3,41,0,0,2,0
0,2015,3,34,0,0,4,0
0,2012,3,34,0,0,4,0
0,2013,2,36,1,0,2,1
1,2016,3,39,0,0,1,0
0,2014,3,41,1,0,5,0
0,2015,3,40,1,0,0,0
0,2017,3,34,0,0,5,0
0,2013,3,31,1,0,2,0
0,2012,3,40,1,0,3,0
0,2013,3,32,1,0,5,0
0,2018,3,38,1,0,3,1
0,2016,3,40,1,0,3,0
2,2013,3,41,1,0,4,0
0,2014,3,36,0,0,0,0
0,2015,2,33,0,1,3,1
0,2016,3,37,1,0,3,0
0,2015,3,38,1,0,4,0
0,2017,3,32,1,0,4,0
0,2017,3,33,1,0,1,0
0,2015,3,38,1,0,5,0
0,2015,3,40,0,0,5,1
0,2014,3,35,1,1,0,0
1,2016,3,37,0,0,5,0
0,2016,3,37,1,1,2,0
0,2015,3,36,1,0,2,0
0,2017,3,33,0,0,4,1
0,2014,2,36,0,0,3,1
0,2016,3,32,1,0,3,0
0,2017,3,35,0,0,1,1
0,2014,2,34,0,0,2,1
1,2017,2,40,1,0,5,0
0,2016,3,37,0,0,4,0
0,2015,1,36,1,0,1,0
0,2012,3,41,0,0,1,0
0,2016,3,36,1,0,0,0
0,2017,3,31,0,0,2,0
0,2017,3,31,1,0,3,0
0,2014,3,33,1,0,2,0
0,2017,3,35,1,1,0,0
2,2016,3,34,1,0,1,0
0,2014,3,39,0,0,4,0
1,2015,3,31,1,0,1,1
0,2015,3,32,0,0,0,1
0,2017,3,33,1,0,0,1
0,2014,3,34,1,1,1,0
1,2014,3,39,1,0,2,0
0,2017,2,41,0,0,2,1
0,2017,2,34,1,0,2,0
0,2013,3,36,0,0,5,0
0,2015,2,39,0,0,5,1
0,2012,3,37,1,0,5,0
0,2016,3,36,1,0,4,0
0,2014,3,38,0,0,1,0
0,2017,3,38,0,0,3,0
1,2016,3,37,0,0,2,1
0,2012,3,34,1,0,2,0
0,2015,3,31,1,0,2,0
0,2015,2,32,0,0,2,1
1,2018,3,35,1,0,2,1
0,2017,3,31,1,1,2,0
0,2015,1,32,1,1,0,1
0,2015,3,31,0,0,5,0
0,2018,3,37,1,0,5,1
2,2018,3,40,1,0,3,1
0,2015,1,41,1,0,1,0
0,2017,3,34,1,0,5,0
0,2014,3,36,1,1,3,0
0,2013,3,35,1,0,1,0
1,2017,3,38,0,0,3,0
0,2017,3,33,1,0,1,0
0,2014,3,38,0,0,2,0
0,2018,3,38,1,0,1,1
0,2017,2,40,1,0,4,0
0,2013,3,39,1,0,5,0
0,2014,3,33,0,0,4,0
0,2015,3,32,0,0,3,1
0,2013,3,39,1,0,2,0
0,2015,3,38,0,0,4,0
0,2013,3,38,1,0,2,0
0,2017,3,35,1,0,0,0
0,2017,3,31,0,0,0,1
0,2017,3,41,1,0,5,0
0,2013,3,38,0,0,4,1
0,2016,3,40,1,1,1,0
0,2018,3,36,0,0,2,1
2,2013,3,36,1,0,3,1
0,2014,3,41,1,0,4,0
0,2014,3,35,1,1,1,0
0,2017,3,38,1,0,5,0
0,2017,2,41,0,0,0,0
0,2012,1,34,1,0,0,0
0,2016,3,39,0,0,3,1
0,2014,3,37,1,0,5,0
0,2015,2,39,0,1,0,1
0,2013,3,31,1,0,2,1
1,2012,3,34,0,0,3,0
0,2015,3,39,1,0,1,0
0,2014,2,38,0,0,3,1
0,2012,3,34,1,0,1,0
0,2016,3,31,0,0,2,0
0,2016,3,39,0,0,0,0
0,2013,3,31,0,0,1,0
0,2012,3,36,1,0,1,0
0,2017,3,37,1,0,0,0
0,2015,1,38,0,0,1,1
2,2017,3,41,1,0,2,0
0,2018,3,32,1,0,4,1
0,2018,3,35,1,0,0,1
0,2017,3,35,1,0,1,0
0,2013,3,32,1,0,1,0
0,2015,3,31,1,0,1,1
0,2015,3,41,1,0,4,0
0,2012,3,33,1,1,0,0
0,2012,2,38,0,0,1,1
1,2012,3,39,0,0,3,1
0,2015,1,36,0,0,2,0
1,2017,2,31,1,0,5,0
1,2017,2,39,0,0,2,1
1,2017,3,41,1,0,3,1
2,2018,3,33,0,0,0,1
0,2015,3,38,1,0,1,0
0,2017,2,31,1,0,0,0
0,2014,3,34,1,0,4,0
0,2017,3,40,1,0,2,0
0,2012,3,36,1,0,1,0
0,2015,3,36,0,0,2,0
0,2017,2,41,0,0,4,0
0,2017,3,37,1,0,3,0
0,2017,3,33,1,0,5,0
0,2017,3,41,0,0,4,0
0,2017,3,37,0,0,2,0
0,2017,3,38,1,1,5,0
0,2015,3,34,1,0,2,1
0,2017,3,37,0,0,0,0
0,2014,3,34,1,0,0,1
0,2012,3,32,1,0,1,0
1,2012,3,35,0,0,4,1
0,2013,3,36,1,0,3,0
0,2015,3,34,0,0,2,0
0,2014,3,37,0,0,3,0
0,2016,3,40,0,1,4,0
0,2014,3,33,1,0,4,0
0,2016,3,39,0,0,4,0
0,2012,3,40,1,0,4,0
0,2013,1,34,1,0,4,1
0,2016,3,40,1,0,5,0
2,2013,3,32,1,0,5,0
0,2012,3,33,1,0,1,0
0,2017,1,31,0,0,4,1
1,2016,3,41,0,0,4,0
0,2016,3,34,1,0,4,0
0,2016,3,39,1,0,7,0
0,2014,3,35,1,0,5,0
0,2016,3,38,0,0,7,0
0,2016,3,33,1,0,6,0
0,2014,3,33,1,0,6,0
0,2012,3,35,1,0,5,0
2,2013,3,40,1,0,5,0
0,2012,3,40,0,0,5,0
0,2017,3,39,1,0,5,0
0,2017,3,33,0,0,6,0
0,2014,3,32,0,0,5,0
1,2014,3,40,0,0,7,1
0,2017,2,33,1,0,6,0
1,2016,1,31,0,0,5,1
0,2013,3,35,0,0,5,0
0,2014,3,39,1,0,7,1
1,2018,3,39,0,0,6,1
1,2017,2,38,0,0,2,0
0,2012,3,38,1,0,7,1
1,2017,2,40,0,1,2,0
0,2018,3,38,1,0,6,1
0,2013,3,34,1,0,6,0
0,2012,1,35,1,0,7,0
1,2013,1,41,1,0,5,0
2,2014,2,37,0,0,5,0
0,2015,3,34,1,1,7,0
0,2014,3,35,1,1,5,0
0,2013,1,38,1,0,6,0
0,2016,3,38,0,0,7,0
0,2015,2,41,0,0,7,0
0,2018,3,34,1,0,5,1
0,2017,2,22,1,0,0,0
0,2018,2,26,0,0,4,1
0,2012,3,22,1,0,0,0
0,2017,3,25,0,0,3,0
0,2016,3,29,1,0,0,0
0,2017,3,36,0,0,0,0
0,2014,3,37,0,0,1,0
0,2013,2,34,0,0,4,1
0,2012,3,34,0,0,2,1
0,2012,3,25,0,0,3,1
0,2012,3,31,1,0,0,0
0,2015,3,36,0,0,2,0
0,2016,3,31,1,1,5,0
0,2015,3,34,1,0,4,0
1,2014,3,28,1,1,2,1
0,2014,3,28,1,0,2,0
0,2015,3,31,1,0,1,0
0,2017,3,35,1,0,5,0
0,2012,1,28,0,1,1,0
0,2018,3,32,0,0,2,1
0,2013,3,23,1,1,1,1
1,2018,3,27,1,0,5,1
0,2017,3,25,1,0,3,0
1,2017,2,31,0,0,2,0
2,2018,3,34,1,0,0,1
0,2016,3,36,0,0,2,0
2,2017,3,40,1,0,3,0
1,2012,3,34,0,0,2,0
0,2018,3,37,1,0,2,1
0,2012,3,38,1,0,3,0
0,2017,2,22,0,0,0,0
0,2016,2,36,0,0,0,1
0,2013,2,35,0,0,1,1
0,2012,3,22,0,0,0,0
0,2016,3,22,1,0,0,0
0,2012,3,29,1,0,4,0
0,2017,3,34,1,0,5,0
0,2017,2,23,1,0,1,0
0,2014,2,32,1,0,3,1
0,2012,2,26,0,0,4,1
1,2017,3,38,1,0,2,0
0,2014,3,37,1,0,4,0
0,2017,2,25,0,0,3,0
0,2018,2,36,0,0,5,1
0,2016,3,26,0,0,4,0
0,2018,2,39,0,0,4,1
0,2016,3,24,1,0,2,1
1,2018,3,39,1,0,2,1
1,2018,3,39,0,0,2,1
0,2017,2,27,0,0,5,0
0,2013,3,36,1,0,5,1
0,2012,3,24,1,0,2,0
0,2017,3,28,0,0,3,0
0,2016,3,24,1,0,2,0
0,2014,3,27,1,0,5,0
0,2017,3,23,1,0,1,0
0,2013,3,30,0,0,5,0
0,2014,3,22,1,0,0,0
0,2014,3,27,1,0,5,0
1,2017,3,32,1,0,2,0
1,2014,1,33,0,0,1,0
1,2017,3,26,1,0,4,1
0,2013,3,25,0,1,3,1
1,2017,2,23,1,0,1,1
0,2012,3,24,1,0,2,0
0,2014,3,33,1,0,5,0
1,2018,3,30,1,1,2,1
1,2017,2,27,0,0,5,0
0,2012,2,31,0,0,5,1
1,2018,3,23,0,0,1,1
0,2015,3,30,1,0,2,0
0,2015,2,32,0,0,2,1
0,2013,3,26,0,1,4,0
1,2017,2,35,1,0,2,0
0,2016,1,30,1,0,4,1
0,2012,3,37,1,0,4,1
0,2017,1,34,1,1,0,0
0,2012,3,38,0,0,0,0
1,2013,2,22,1,1,0,1
0,2015,1,22,0,0,0,1
1,2015,2,33,0,0,2,1
0,2015,3,32,1,0,1,0
1,2015,2,34,0,0,2,0
0,2017,3,36,0,0,1,0
0,2015,3,32,1,0,1,0
0,2017,3,28,1,1,3,0
0,2017,2,26,0,0,4,0
0,2013,3,35,1,0,1,0
0,2014,3,33,1,0,4,0
1,2013,3,22,0,1,0,1
0,2014,3,27,1,0,5,1
1,2018,3,23,0,0,1,1
0,2013,3,34,0,1,2,0
1,2017,2,23,1,0,1,1
0,2012,3,36,1,0,4,0
2,2018,3,28,1,0,4,1
2,2013,3,28,1,0,4,0
0,2016,3,33,0,0,4,0
0,2013,3,39,1,0,3,0
0,2015,3,25,0,1,3,0
0,2014,3,32,1,0,2,0
0,2015,3,23,0,0,1,1
1,2018,3,29,1,0,2,1
0,2013,2,24,1,0,2,1
0,2012,3,36,0,0,2,1
0,2018,3,40,1,0,4,1
0,2012,3,38,0,0,1,0
0,2014,3,22,1,0,0,0
0,2018,3,24,1,0,2,1
0,2012,3,37,1,0,5,0
0,2018,3,40,1,0,3,1
0,2018,3,32,1,1,0,1
0,2012,3,28,0,0,1,0
0,2016,3,29,1,1,5,0
0,2013,3,25,1,0,3,0
2,2013,3,35,1,0,3,1
0,2015,3,28,1,0,0,1
0,2012,3,39,1,0,3,0
0,2012,1,35,1,0,1,0
0,2017,3,37,1,0,2,0
1,2018,3,40,0,0,2,1
0,2018,3,23,1,0,1,1
0,2013,3,32,1,0,2,0
2,2018,3,37,1,0,3,1
0,2015,3,23,0,0,1,0
0,2014,3,26,1,0,4,0
0,2017,3,36,0,0,3,1
0,2013,3,40,0,0,3,0
0,2015,3,22,1,0,0,0
0,2015,3,30,1,0,0,0
0,2014,3,30,1,0,1,0
0,2015,1,34,0,0,3,1
0,2018,3,27,1,0,5,1
0,2013,1,27,0,0,5,0
0,2017,2,27,0,0,5,1
0,2015,3,35,0,0,1,1
0,2014,3,33,0,1,4,0
0,2012,3,37,1,0,4,0
0,2014,3,40,0,0,3,0
0,2015,2,25,0,0,3,1
0,2017,2,34,1,0,2,0
0,2017,3,40,1,0,1,0
1,2018,3,34,1,0,2,1
0,2013,3,33,1,0,5,0
0,2016,3,22,0,0,0,0
0,2015,2,36,0,0,1,1
0,2012,3,38,1,0,2,1
0,2013,3,25,0,0,3,0
0,2017,3,37,1,0,3,1
0,2016,3,25,0,0,3,0
0,2015,2,40,0,1,0,1
0,2013,3,26,0,0,4,0
1,2015,1,23,0,0,1,0
0,2014,3,22,1,0,0,1
1,2017,2,34,1,1,2,0
1,2017,3,35,0,0,2,0
0,2014,3,23,1,0,1,0
0,2015,3,29,1,0,2,1
0,2015,3,32,0,0,1,0
0,2015,3,26,1,0,4,0
0,2014,3,28,1,0,3,0
1,2015,2,24,0,0,2,0
0,2017,3,33,1,0,4,0
2,2016,3,22,1,0,0,0
1,2015,2,39,0,0,2,0
1,2018,3,30,0,1,2,1
0,2014,3,38,0,0,5,1
0,2012,3,36,0,0,4,0
0,2012,2,38,1,0,5,0
0,2013,3,24,1,1,2,0
0,2016,3,28,1,0,1,0
0,2015,3,35,0,0,0,1
0,2013,3,23,0,0,1,0
1,2017,2,23,0,0,1,1
0,2013,3,37,1,0,5,0
1,2016,3,24,1,0,2,1
0,2014,3,33,1,1,4,0
0,2015,3,38,0,0,5,0
0,2015,3,40,1,1,0,0
0,2014,3,34,1,0,4,0
1,2017,2,26,1,0,4,0
0,2016,3,25,1,0,3,0
0,2016,3,24,0,0,2,0
0,2018,3,35,1,1,5,1
2,2013,3,27,1,0,5,0
1,2013,3,30,0,0,3,0
0,2015,3,26,0,0,4,1
0,2017,3,40,1,0,0,0
1,2017,2,27,0,0,5,1
0,2016,3,38,1,1,0,0
0,2014,3,34,0,0,5,0
1,2017,2,24,1,0,2,0
0,2016,3,38,1,0,4,0
0,2014,1,37,1,0,1,0
0,2015,3,22,1,0,0,0
0,2014,3,29,0,0,2,1
0,2014,1,37,0,0,4,1
0,2016,3,23,1,0,1,0
0,2012,3,34,0,0,2,0
0,2017,3,28,1,0,2,0
0,2012,3,24,1,1,2,0
1,2017,2,35,0,0,0,0
0,2015,3,30,1,0,2,0
0,2018,3,33,1,0,4,1
0,2015,3,27,0,0,5,0
0,2016,3,32,1,0,4,0
0,2014,3,36,0,0,5,0
0,2012,3,26,1,1,4,0
0,2012,1,35,1,0,4,0
2,2012,3,25,1,0,3,0
1,2013,2,29,1,0,1,1
0,2012,3,36,0,0,3,0
0,2013,3,30,1,0,1,0
0,2017,2,37,0,0,4,1
0,2016,3,40,1,0,0,1
0,2012,3,24,1,0,2,0
0,2012,3,32,1,0,4,0
0,2018,3,34,1,0,0,1
0,2014,3,29,1,0,3,0
0,2012,3,23,0,0,1,1
0,2017,3,23,1,0,1,0
0,2013,3,25,0,0,3,0
0,2012,1,31,0,0,3,0
1,2017,2,23,1,0,1,1
0,2014,3,27,1,0,5,0
2,2015,2,39,0,0,5,0
0,2016,3,33,0,0,1,1
0,2013,3,23,1,0,1,0
1,2017,2,34,0,0,4,0
0,2015,2,37,0,0,1,1
0,2012,3,23,1,0,1,0
0,2017,3,27,1,0,5,0
1,2017,2,38,0,0,2,0
0,2014,3,27,0,0,5,0
0,2016,3,22,1,0,0,0
1,2015,2,26,0,0,4,1
0,2012,3,40,1,0,3,0
0,2016,3,33,0,0,3,0
0,2014,3,31,1,0,0,0
0,2017,3,33,1,0,4,0
0,2015,3,30,1,0,5,0
0,2015,3,33,0,0,5,1
1,2017,3,33,0,0,0,1
0,2016,3,22,1,0,0,0
0,2012,3,28,1,0,2,0
0,2013,3,36,1,0,4,0
0,2017,2,36,0,0,1,0
0,2014,3,31,0,0,2,0
0,2013,2,25,1,0,3,1
0,2012,1,31,1,0,4,0
1,2015,2,39,0,0,0,0
1,2015,3,26,1,0,4,1
0,2017,2,25,0,0,3,1
0,2013,3,26,1,0,4,0
0,2013,3,35,0,0,0,0
0,2013,2,28,1,0,5,0
0,2012,3,32,0,0,0,0
1,2017,2,22,1,0,0,1
0,2014,3,36,0,0,5,1
0,2015,3,38,1,0,1,0
0,2014,3,39,0,0,1,0
1,2017,2,25,0,0,3,1
0,2016,3,27,1,0,5,0
1,2014,3,38,1,1,2,0
0,2012,3,22,0,0,0,0
0,2013,3,33,1,0,2,0
0,2013,3,24,1,0,2,0
0,2014,3,37,1,0,5,0
0,2018,3,28,1,1,0,1
1,2017,3,32,1,1,2,0
2,2016,3,33,1,0,0,1
0,2014,3,32,1,0,5,0
0,2017,3,24,1,0,2,1
0,2016,3,27,1,1,5,0
0,2012,2,35,0,0,2,1
2,2013,3,40,1,0,1,0
0,2017,2,34,0,0,4,0
0,2016,3,39,0,0,0,0
0,2014,3,26,1,0,4,0
1,2015,2,29,0,0,2,0
0,2013,3,29,1,0,4,0
0,2015,2,23,0,1,1,1
0,2015,3,32,1,0,0,0
0,2014,3,28,1,1,4,0
1,2013,2,32,1,1,2,1
0,2012,3,32,0,0,0,0
0,2013,3,38,1,0,0,0
2,2017,3,30,1,0,5,0
2,2015,3,31,1,0,3,0
0,2012,3,25,1,0,3,1
0,2013,3,37,0,0,4,0
1,2017,2,27,1,0,5,1
0,2013,3,25,0,0,3,0
0,2015,2,22,0,0,0,1
0,2018,3,38,1,0,2,1
0,2015,3,22,1,0,0,0
0,2017,3,38,1,0,2,0
2,2015,1,38,1,0,5,0
0,2016,2,26,0,0,4,1
1,2017,2,31,1,0,4,0
1,2014,3,28,1,0,5,0
2,2017,3,34,0,0,3,0
1,2013,3,31,1,0,2,0
0,2014,3,26,0,0,4,0
0,2013,3,40,0,0,1,1
0,2016,3,31,1,0,0,0
0,2013,3,26,0,0,4,0
0,2018,3,32,0,0,1,1
0,2012,3,33,0,0,5,0
0,2017,3,25,1,0,3,0
0,2017,3,40,1,0,0,0
1,2013,3,31,1,0,2,1
0,2015,3,36,1,0,1,0
0,2014,3,31,1,0,5,0
0,2015,3,22,1,0,0,0
0,2016,3,34,0,0,0,0
2,2018,3,38,0,0,5,1
0,2015,3,23,1,1,1,0
2,2017,3,27,1,0,5,0
0,2016,3,34,1,0,1,0
0,2012,3,39,1,0,3,0
0,2018,3,24,1,1,2,1
0,2015,3,37,0,0,1,1
2,2013,3,23,1,0,1,0
0,2018,3,36,1,0,3,1
0,2014,3,23,1,0,1,0
0,2012,3,31,1,0,3,0
0,2015,3,22,1,0,0,0
0,2015,2,24,0,0,2,1
0,2018,2,28,0,0,4,1
0,2014,3,33,1,0,3,0
0,2018,3,35,0,0,2,1
0,2012,3,30,0,1,1,0
0,2014,3,28,0,0,3,0
0,2015,3,22,1,1,0,0
0,2014,3,38,1,0,3,0
0,2014,3,39,1,0,4,0
2,2012,1,38,1,0,5,0
0,2014,3,22,0,0,0,1
0,2014,3,36,0,0,5,0
0,2015,3,27,1,0,5,0
0,2016,1,32,1,0,2,0
0,2017,2,39,0,0,2,0
0,2015,2,36,1,0,5,0
0,2018,3,34,1,1,5,1
0,2015,3,28,1,0,1,0
0,2018,3,36,0,1,1,1
2,2015,3,22,0,0,0,0
0,2014,1,28,0,0,5,0
0,2016,2,27,0,0,5,1
0,2014,1,39,0,0,4,0
0,2012,3,31,1,0,0,0
0,2013,3,26,1,1,4,0
0,2012,3,31,1,0,3,0
0,2015,2,33,0,0,2,1
0,2017,2,38,0,0,1,1
0,2014,3,38,1,0,2,0
0,2012,3,32,1,0,3,0
0,2014,3,26,1,0,4,0
1,2017,2,33,0,0,2,0
0,2015,3,34,0,0,2,0
0,2018,3,36,1,1,1,1
0,2014,3,27,1,0,5,0
1,2017,2,27,1,0,5,0
0,2017,2,40,0,0,5,0
1,2012,3,31,0,0,4,0
0,2014,3,22,1,0,0,0
1,2017,2,22,1,0,0,1
0,2016,3,26,0,0,4,0
0,2017,3,28,0,0,1,1
0,2014,3,38,1,1,5,0
1,2015,3,31,1,0,0,0
0,2016,3,24,1,0,2,0
0,2015,2,25,1,0,3,1
2,2013,3,26,1,0,4,0
0,2017,3,40,1,0,1,0
0,2018,2,34,0,0,4,1
0,2016,3,32,1,0,0,0
0,2014,3,37,1,0,1,0
0,2015,3,33,1,0,3,1
0,2016,3,27,1,0,5,0
0,2012,3,36,1,0,3,0
0,2013,3,30,0,0,4,0
1,2017,2,26,0,0,4,0
0,2012,3,23,1,1,1,0
1,2015,2,31,0,0,2,0
0,2013,3,22,1,1,0,0
1,2017,2,24,0,0,2,1
0,2016,3,37,0,1,4,0
1,2018,3,35,1,0,2,1
0,2013,3,22,1,0,0,1
0,2012,3,35,1,0,5,0
0,2014,3,30,0,0,3,0
0,2014,3,30,1,0,0,0
0,2014,3,29,1,0,3,0
1,2017,3,36,1,0,4,1
0,2014,3,37,1,0,4,0
0,2016,3,40,1,0,2,0
0,2015,2,26,0,0,4,1
1,2017,2,26,0,0,4,0
0,2017,3,38,1,0,3,0
0,2014,3,31,1,0,3,1
0,2014,3,22,0,0,0,0
0,2012,3,34,1,0,0,0
0,2015,3,31,0,0,0,0
0,2012,3,39,0,0,3,0
1,2018,3,33,0,0,2,1
0,2015,3,33,1,0,4,0
0,2012,3,38,1,0,4,0
0,2017,2,22,0,0,0,1
0,2014,2,32,0,0,0,1
0,2014,3,34,1,0,5,0
0,2014,1,31,0,0,5,0
0,2016,3,23,1,0,1,0
0,2013,2,39,0,0,1,1
0,2017,3,26,1,0,4,0
0,2013,2,33,0,1,4,1
0,2013,3,27,0,0,5,0
2,2018,3,24,1,0,2,1
0,2017,3,38,1,0,1,0
0,2017,3,27,1,0,5,0
0,2014,3,27,0,0,5,0
0,2015,3,23,1,0,1,0
0,2014,3,26,0,0,4,0
0,2016,3,31,1,0,5,0
0,2017,3,32,0,0,3,0
0,2015,2,36,0,0,3,1
0,2017,3,28,1,0,0,0
0,2017,2,31,1,0,3,0
1,2017,2,36,0,0,3,0
0,2014,3,24,1,0,2,0
0,2012,3,27,1,0,5,1
0,2017,3,28,1,0,3,1
0,2015,3,39,0,0,2,1
0,2013,3,23,0,0,1,0
0,2014,3,32,1,0,1,0
1,2013,3,33,0,0,2,0
0,2017,3,39,0,0,4,0
1,2017,2,24,0,0,2,0
0,2016,3,33,1,0,2,0
0,2016,2,29,0,0,4,1
1,2017,3,24,0,0,2,1
1,2015,3,27,0,0,5,1
1,2013,2,35,0,0,2,1
0,2015,2,28,0,0,2,1
0,2016,3,22,1,0,0,0
0,2013,3,39,1,0,5,1
0,2014,3,36,0,0,3,1
0,2017,2,40,0,0,3,0
0,2012,3,35,0,0,5,0
0,2016,3,33,1,0,4,0
2,2018,3,33,1,0,2,1
0,2012,3,23,1,0,1,0
0,2014,3,28,1,0,2,1
0,2016,3,27,1,0,5,0
0,2017,3,26,0,0,4,0
0,2014,3,33,1,0,3,0
0,2016,3,35,1,0,3,0
0,2013,3,33,1,0,3,1
0,2013,3,36,0,0,0,1
0,2015,3,26,1,0,4,0
0,2012,3,26,1,0,4,0
0,2014,3,39,0,0,5,0
0,2013,3,28,1,0,5,0
0,2018,3,24,1,0,2,1
0,2012,3,36,0,0,4,0
0,2016,3,33,1,0,0,0
0,2013,1,33,0,0,0,1
1,2017,2,30,1,1,2,1
1,2012,3,27,1,0,5,1
0,2015,3,33,1,1,4,0
0,2016,2,35,0,0,4,1
0,2014,2,40,0,0,0,1
0,2017,2,25,1,0,3,0
0,2014,3,38,1,0,2,0
0,2017,2,40,1,0,5,0
0,2014,3,29,1,1,0,0
0,2012,3,27,1,0,5,0
0,2015,3,40,1,0,4,0
1,2017,2,25,0,0,3,1
0,2016,2,39,0,0,3,1
0,2017,2,22,1,0,0,1
2,2015,2,35,0,0,0,0
0,2012,3,25,1,0,3,0
0,2014,2,25,0,0,3,1
0,2015,3,29,0,0,1,0
1,2017,1,37,1,0,0,0
0,2014,3,35,1,0,1,0
0,2012,3,26,1,0,4,0
1,2018,3,26,1,0,4,1
0,2013,3,24,1,0,2,0
0,2014,3,31,1,0,0,0
0,2014,3,34,1,0,5,0
1,2018,3,27,0,1,5,1
0,2016,3,35,1,0,1,0
0,2017,3,27,1,0,5,0
1,2017,3,34,1,0,1,1
0,2018,3,40,0,0,4,1
0,2012,3,39,1,0,4,0
0,2013,1,39,0,1,0,1
0,2015,3,22,1,0,0,1
1,2017,2,33,1,1,2,0
0,2014,3,39,1,0,0,0
0,2017,3,39,1,0,3,0
0,2017,3,40,0,0,3,0
0,2014,3,38,0,0,1,0
0,2018,3,36,0,1,2,1
0,2013,2,37,1,1,5,0
0,2017,2,33,0,0,2,1
0,2013,3,37,0,0,2,1
0,2013,3,34,1,0,5,0
0,2015,3,28,1,0,2,0
0,2018,3,31,1,1,0,1
1,2012,3,37,1,0,4,0
0,2018,3,26,1,0,4,1
1,2014,3,34,0,0,1,1
0,2015,3,39,1,0,1,0
0,2017,2,23,0,0,1,1
0,2013,3,35,0,0,4,0
0,2015,3,25,1,0,3,0
0,2013,2,38,1,0,0,1
1,2017,1,23,1,0,1,0
1,2017,3,26,1,0,4,1
1,2018,3,33,0,0,2,1
0,2015,2,37,0,0,4,1
0,2013,3,35,1,0,5,0
0,2013,3,23,0,1,1,0
0,2013,3,31,1,0,2,0
0,2017,3,24,1,1,2,0
0,2015,3,28,1,0,3,0
0,2013,2,37,0,0,0,1
0,2012,3,36,0,0,1,0
0,2015,3,28,1,0,1,1
0,2017,2,30,1,0,5,0
0,2014,3,26,1,0,4,0
1,2015,2,29,0,0,1,0
1,2018,3,39,0,0,2,1
0,2013,2,36,1,0,4,0
0,2015,3,36,1,0,3,0
0,2012,3,22,1,0,0,1
1,2017,3,31,1,0,2,0
2,2017,3,29,1,0,3,0
0,2014,3,37,0,0,4,1
0,2012,3,24,1,0,2,0
0,2015,2,28,0,1,2,1
2,2016,3,22,1,0,0,0
0,2015,3,31,1,0,2,1
0,2013,2,28,0,0,3,1
0,2014,3,22,0,0,0,0
0,2016,3,23,1,0,1,0
0,2016,1,25,0,1,3,0
0,2013,1,23,0,0,1,1
0,2017,2,26,0,0,4,0
0,2015,2,22,0,0,0,1
0,2015,3,38,0,0,2,0
0,2017,3,25,0,0,3,0
0,2017,3,37,0,0,1,1
2,2012,3,30,1,0,4,0
0,2012,3,35,0,0,2,0
2,2014,3,23,1,0,1,0
1,2017,2,25,0,0,3,0
0,2015,3,39,0,0,0,0
2,2013,1,32,0,0,0,1
0,2015,3,28,0,0,1,1
0,2015,3,23,0,0,1,0
2,2014,1,34,0,0,3,0
0,2014,1,36,0,0,1,0
0,2017,3,40,1,0,5,0
0,2016,3,40,1,0,3,0
0,2015,3,25,0,0,3,1
0,2013,3,22,1,0,0,1
0,2015,3,34,1,0,4,0
0,2017,3,23,1,0,1,0
0,2017,3,24,0,0,2,0
0,2015,1,35,1,0,3,0
0,2014,3,24,1,0,2,0
0,2017,3,28,1,0,3,0
1,2017,2,39,0,0,4,0
2,2017,3,31,0,0,5,0
0,2014,3,32,1,0,2,0
0,2017,2,37,0,0,3,0
0,2014,1,22,0,0,0,1
0,2015,3,32,0,0,4,0
0,2016,3,37,1,0,2,0
0,2014,3,36,1,0,3,0
0,2013,3,24,1,1,2,0
1,2017,3,40,1,0,2,0
0,2014,3,39,1,0,3,0
0,2013,3,24,1,0,2,0
0,2016,3,25,1,0,3,0
0,2018,3,26,1,0,4,1
0,2017,2,33,1,0,3,0
0,2016,3,36,1,1,3,0
0,2015,1,39,1,0,1,1
0,2014,3,34,1,0,4,0
0,2014,2,23,0,0,1,1
0,2014,1,33,0,0,2,1
0,2013,3,31,1,0,3,0
0,2015,3,39,0,0,0,0
0,2017,3,36,1,0,4,1
0,2015,3,28,1,0,1,0
0,2013,3,28,0,0,0,1
1,2017,2,24,1,0,2,1
0,2013,3,36,0,0,0,1
0,2014,3,30,1,0,1,1
0,2018,3,27,0,0,5,1
0,2012,3,25,1,0,3,0
0,2018,3,31,1,0,0,1
0,2013,3,36,1,0,0,0
0,2017,2,31,1,0,1,0
0,2016,3,37,1,0,2,0
0,2015,3,39,1,0,2,0
0,2014,3,28,1,0,4,0
0,2015,2,38,1,0,2,1
1,2017,3,40,0,0,1,0
1,2015,3,38,0,0,1,0
2,2014,3,23,1,0,1,0
0,2015,3,39,1,0,2,0
0,2014,1,22,0,0,0,1
0,2015,3,24,0,0,2,1
1,2014,3,24,1,0,2,0
0,2012,3,23,0,0,1,1
0,2014,3,30,1,0,4,0
0,2016,3,25,0,0,3,0
0,2013,3,34,1,0,4,0
1,2015,3,40,0,0,5,0
0,2012,3,39,0,0,1,0
1,2017,3,38,0,0,2,1
0,2016,3,38,1,0,2,0
0,2015,2,38,0,0,4,1
0,2015,3,31,1,0,5,0
0,2017,1,30,1,0,4,0
2,2013,3,24,1,0,2,0
0,2017,3,38,1,0,3,0
0,2013,3,37,1,0,3,0
0,2016,3,22,1,0,0,0
2,2012,3,30,0,0,4,0
0,2013,3,39,0,0,5,0
0,2017,2,35,1,0,0,0
0,2012,3,25,0,0,3,1
0,2018,3,32,1,1,1,1
0,2018,3,31,0,0,2,1
0,2016,3,37,1,0,2,0
0,2016,1,38,0,0,2,1
0,2014,3,22,0,0,0,0
1,2014,3,37,0,0,0,1
0,2018,3,32,1,1,2,1
0,2013,3,26,1,0,4,0
0,2017,3,28,1,0,0,1
0,2015,3,35,1,0,0,0
0,2016,1,33,0,0,0,1
0,2012,3,36,0,0,4,0
0,2013,3,31,0,0,5,0
0,2015,3,32,0,1,1,1
1,2017,2,31,0,0,2,0
0,2013,3,25,0,0,3,0
0,2016,3,30,1,0,2,0
0,2013,3,26,0,0,4,0
1,2013,2,37,1,0,2,1
1,2018,3,27,1,0,5,1
0,2012,3,30,1,1,2,0
0,2015,3,33,1,1,4,0
